date,precipitation_mm,temp_max_c,is_weekend,is_festival
2019-01-01,0.0,29.8,False,False
2019-01-02,0.0,30.1,False,False
2019-01-03,0.0,29.4,False,False
2019-01-04,0.0,30.0,False,False
2019-01-05,0.0,28.4,True,False
2019-01-06,0.0,29.9,True,False
2019-01-07,0.0,30.5,False,False
2019-01-08,0.0,29.9,False,False
2019-01-09,0.0,28.0,False,False
2019-01-10,0.0,28.8,False,False
2019-01-11,0.0,28.6,False,False
2019-01-12,0.0,27.2,True,False
2019-01-13,0.0,29.4,True,False
2019-01-14,0.0,29.7,False,False
2019-01-15,0.0,31.5,False,False
2019-01-16,0.0,30.4,False,False
2019-01-17,0.0,29.5,False,False
2019-01-18,0.0,29.2,False,False
2019-01-19,0.0,31.0,True,False
2019-01-20,0.0,31.0,True,False
2019-01-21,0.0,27.8,False,False
2019-01-22,0.0,26.4,False,False
2019-01-23,0.2,25.8,False,False
2019-01-24,0.0,26.4,False,False
2019-01-25,0.0,25.6,False,False
2019-01-26,0.0,27.2,True,True
2019-01-27,0.0,28.9,True,False
2019-01-28,0.0,28.4,False,False
2019-01-29,0.0,29.4,False,False
2019-01-30,0.0,29.8,False,False
2019-01-31,0.0,28.2,False,False
2019-02-01,0.0,28.3,False,False
2019-02-02,0.0,27.3,True,False
2019-02-03,0.0,28.8,True,False
2019-02-04,0.0,30.5,False,False
2019-02-05,0.0,28.9,False,False
2019-02-06,0.0,26.9,False,False
2019-02-07,0.0,25.0,False,False
2019-02-08,0.0,23.1,False,False
2019-02-09,0.0,27.5,True,False
2019-02-10,0.0,28.7,True,False
2019-02-11,0.0,30.8,False,False
2019-02-12,0.0,32.3,False,False
2019-02-13,0.0,29.2,False,False
2019-02-14,0.0,28.9,False,False
2019-02-15,0.0,27.7,False,False
2019-02-16,0.0,27.5,True,False
2019-02-17,0.0,27.2,True,False
2019-02-18,0.0,28.7,False,False
2019-02-19,0.0,28.7,False,False
2019-02-20,0.0,30.0,False,False
2019-02-21,0.0,29.3,False,False
2019-02-22,0.0,29.5,False,False
2019-02-23,0.0,32.5,True,False
2019-02-24,0.0,29.9,True,False
2019-02-25,0.0,29.5,False,False
2019-02-26,0.0,30.7,False,False
2019-02-27,0.0,27.3,False,False
2019-02-28,0.0,29.2,False,False
2019-03-01,0.0,28.6,False,False
2019-03-02,0.0,28.5,True,False
2019-03-03,0.0,27.4,True,False
2019-03-04,0.0,27.9,False,False
2019-03-05,0.0,27.2,False,False
2019-03-06,0.0,27.2,False,False
2019-03-07,0.0,28.6,False,False
2019-03-08,0.0,29.4,False,False
2019-03-09,0.0,30.4,True,False
2019-03-10,0.0,30.4,True,False
2019-03-11,0.0,28.2,False,False
2019-03-12,0.0,28.4,False,False
2019-03-13,0.0,28.1,False,False
2019-03-14,0.0,28.8,False,False
2019-03-15,0.0,33.3,False,False
2019-03-16,0.0,30.8,True,False
2019-03-17,0.0,29.9,True,False
2019-03-18,0.0,31.4,False,False
2019-03-19,0.0,31.7,False,False
2019-03-20,0.0,29.3,False,False
2019-03-21,0.0,29.1,False,True
2019-03-22,0.0,29.2,False,False
2019-03-23,0.0,31.8,True,False
2019-03-24,0.0,35.2,True,False
2019-03-25,0.0,35.1,False,False
2019-03-26,0.0,36.2,False,False
2019-03-27,0.0,32.2,False,False
2019-03-28,0.0,31.5,False,False
2019-03-29,0.0,32.2,False,False
2019-03-30,0.0,30.8,True,False
2019-03-31,0.0,31.1,True,False
2019-04-01,0.0,30.5,False,False
2019-04-02,0.0,30.0,False,False
2019-04-03,0.0,31.8,False,False
2019-04-04,0.0,31.3,False,False
2019-04-05,0.0,30.8,False,False
2019-04-06,0.0,31.3,True,False
2019-04-07,0.0,31.6,True,False
2019-04-08,0.0,31.4,False,False
2019-04-09,0.0,31.0,False,False
2019-04-10,0.0,31.3,False,False
2019-04-11,0.0,31.4,False,False
2019-04-12,0.0,32.2,False,False
2019-04-13,0.0,33.9,True,False
2019-04-14,0.0,34.4,True,False
2019-04-15,0.0,35.4,False,False
2019-04-16,0.0,31.5,False,False
2019-04-17,0.2,30.7,False,False
2019-04-18,0.0,31.1,False,False
2019-04-19,0.0,33.7,False,False
2019-04-20,0.0,32.2,True,False
2019-04-21,0.0,31.8,True,False
2019-04-22,0.0,32.0,False,False
2019-04-23,0.0,32.6,False,False
2019-04-24,0.0,32.2,False,False
2019-04-25,0.0,32.6,False,False
2019-04-26,0.0,33.8,False,False
2019-04-27,0.0,35.3,True,False
2019-04-28,0.0,35.2,True,False
2019-04-29,0.0,31.8,False,False
2019-04-30,0.0,31.6,False,False
2019-05-01,0.0,31.1,False,False
2019-05-02,0.0,30.8,False,False
2019-05-03,0.0,30.8,False,False
2019-05-04,0.8,31.3,True,False
2019-05-05,0.0,31.4,True,False
2019-05-06,0.0,32.0,False,False
2019-05-07,0.0,31.4,False,False
2019-05-08,0.1,31.6,False,False
2019-05-09,0.0,31.4,False,False
2019-05-10,0.0,31.7,False,False
2019-05-11,0.0,31.8,True,False
2019-05-12,0.0,31.5,True,False
2019-05-13,0.0,31.8,False,False
2019-05-14,0.0,31.9,False,False
2019-05-15,0.0,32.7,False,False
2019-05-16,0.0,32.2,False,False
2019-05-17,0.0,32.4,False,False
2019-05-18,0.0,33.0,True,False
2019-05-19,0.0,33.4,True,False
2019-05-20,0.0,33.3,False,False
2019-05-21,0.0,33.6,False,False
2019-05-22,0.0,32.5,False,False
2019-05-23,0.0,32.5,False,False
2019-05-24,0.0,33.0,False,False
2019-05-25,0.0,32.5,True,False
2019-05-26,0.0,32.4,True,False
2019-05-27,0.0,33.0,False,False
2019-05-28,0.0,32.7,False,False
2019-05-29,0.0,32.4,False,False
2019-05-30,0.0,32.6,False,False
2019-05-31,0.0,32.4,False,False
2019-06-01,0.1,32.8,True,False
2019-06-02,0.0,32.8,True,False
2019-06-03,0.0,32.7,False,False
2019-06-04,0.7,32.5,False,False
2019-06-05,0.3,32.7,False,True
2019-06-06,0.0,33.1,False,False
2019-06-07,0.3,32.9,False,False
2019-06-08,0.1,33.7,True,False
2019-06-09,0.3,33.2,True,False
2019-06-10,1.1,32.0,False,False
2019-06-11,1.6,33.8,False,False
2019-06-12,20.3,30.2,False,False
2019-06-13,12.9,29.1,False,False
2019-06-14,11.1,29.2,False,False
2019-06-15,11.7,28.8,True,False
2019-06-16,5.6,29.3,True,False
2019-06-17,4.7,29.0,False,False
2019-06-18,9.1,29.0,False,False
2019-06-19,7.8,29.5,False,False
2019-06-20,1.9,30.3,False,False
2019-06-21,1.3,29.5,False,False
2019-06-22,1.4,30.1,True,False
2019-06-23,2.5,29.6,True,False
2019-06-24,5.8,28.7,False,False
2019-06-25,9.0,29.7,False,False
2019-06-26,15.3,29.7,False,False
2019-06-27,24.1,28.8,False,False
2019-06-28,73.1,28.7,False,False
2019-06-29,73.6,27.6,True,False
2019-06-30,33.4,26.9,True,False
2019-07-01,36.6,26.8,False,False
2019-07-02,26.3,28.2,False,False
2019-07-03,15.2,27.4,False,False
2019-07-04,21.5,27.7,False,False
2019-07-05,15.9,27.8,False,False
2019-07-06,20.2,27.2,True,False
2019-07-07,19.6,27.7,True,False
2019-07-08,15.3,28.0,False,False
2019-07-09,14.0,27.7,False,False
2019-07-10,33.0,27.5,False,False
2019-07-11,17.4,27.3,False,False
2019-07-12,6.2,27.5,False,False
2019-07-13,5.0,27.9,True,False
2019-07-14,5.6,28.3,True,False
2019-07-15,5.1,29.3,False,False
2019-07-16,6.4,28.1,False,False
2019-07-17,7.4,28.2,False,False
2019-07-18,4.1,28.4,False,False
2019-07-19,2.4,29.0,False,False
2019-07-20,20.1,28.8,True,False
2019-07-21,84.9,29.1,True,False
2019-07-22,5.1,29.6,False,False
2019-07-23,12.5,28.8,False,False
2019-07-24,197.7,27.2,False,False
2019-07-25,25.6,27.7,False,False
2019-07-26,28.4,27.5,False,False
2019-07-27,38.2,27.2,True,False
2019-07-28,11.3,27.4,True,False
2019-07-29,30.6,26.3,False,False
2019-07-30,68.6,26.5,False,False
2019-07-31,31.8,26.6,False,False
2019-08-01,15.7,27.6,False,False
2019-08-02,28.3,28.1,False,False
2019-08-03,91.9,26.0,True,False
2019-08-04,100.3,26.4,True,False
2019-08-05,59.2,26.3,False,False
2019-08-06,40.6,27.0,False,False
2019-08-07,20.5,28.0,False,False
2019-08-08,13.6,27.6,False,False
2019-08-09,11.9,27.8,False,False
2019-08-10,9.6,28.1,True,False
2019-08-11,14.0,28.1,True,False
2019-08-12,5.3,28.4,False,False
2019-08-13,4.2,28.4,False,False
2019-08-14,8.2,27.9,False,False
2019-08-15,11.6,27.5,False,True
2019-08-16,7.4,28.4,False,False
2019-08-17,3.5,28.3,True,False
2019-08-18,2.4,28.7,True,False
2019-08-19,3.3,28.0,False,False
2019-08-20,2.3,28.6,False,False
2019-08-21,5.0,27.5,False,False
2019-08-22,5.3,27.4,False,False
2019-08-23,5.7,27.7,False,False
2019-08-24,7.2,27.6,True,False
2019-08-25,3.3,27.5,True,False
2019-08-26,4.6,28.0,False,False
2019-08-27,6.5,27.2,False,False
2019-08-28,3.9,27.6,False,False
2019-08-29,3.8,28.2,False,False
2019-08-30,13.1,28.1,False,False
2019-08-31,24.1,27.4,True,False
2019-09-01,15.7,27.6,True,False
2019-09-02,13.2,27.8,False,True
2019-09-03,33.0,27.2,False,False
2019-09-04,84.3,26.4,False,False
2019-09-05,42.4,27.3,False,False
2019-09-06,43.7,27.2,False,False
2019-09-07,39.8,27.5,True,False
2019-09-08,43.8,27.1,True,False
2019-09-09,25.2,28.1,False,False
2019-09-10,16.8,27.6,False,False
2019-09-11,8.2,27.7,False,False
2019-09-12,13.7,26.8,False,False
2019-09-13,37.2,26.8,False,False
2019-09-14,13.0,27.4,True,False
2019-09-15,10.4,27.2,True,False
2019-09-16,5.7,27.6,False,False
2019-09-17,3.7,28.3,False,False
2019-09-18,16.5,28.3,False,False
2019-09-19,38.9,28.6,False,False
2019-09-20,6.3,28.1,False,False
2019-09-21,13.0,28.2,True,False
2019-09-22,1.1,28.5,True,False
2019-09-23,0.9,28.9,False,False
2019-09-24,3.5,29.0,False,False
2019-09-25,26.5,29.1,False,False
2019-09-26,21.0,28.4,False,False
2019-09-27,18.0,27.6,False,False
2019-09-28,5.4,28.2,True,False
2019-09-29,4.4,28.6,True,False
2019-09-30,6.8,28.1,False,False
2019-10-01,2.0,28.6,False,False
2019-10-02,1.0,28.9,False,False
2019-10-03,0.4,29.4,False,False
2019-10-04,3.5,29.5,False,False
2019-10-05,4.3,30.3,True,False
2019-10-06,0.5,29.8,True,False
2019-10-07,5.0,29.9,False,False
2019-10-08,5.8,31.0,False,False
2019-10-09,1.7,31.0,False,False
2019-10-10,0.0,31.5,False,False
2019-10-11,3.7,30.7,False,False
2019-10-12,7.3,30.7,True,False
2019-10-13,4.1,31.3,True,False
2019-10-14,0.0,33.0,False,False
2019-10-15,0.0,33.6,False,False
2019-10-16,0.0,33.1,False,False
2019-10-17,0.0,33.3,False,False
2019-10-18,1.1,31.5,False,False
2019-10-19,18.4,27.0,True,False
2019-10-20,32.4,26.0,True,False
2019-10-21,16.2,30.2,False,False
2019-10-22,23.8,28.6,False,False
2019-10-23,92.5,27.2,False,False
2019-10-24,11.9,29.0,False,False
2019-10-25,12.4,28.0,False,False
2019-10-26,12.9,26.8,True,False
2019-10-27,0.2,29.8,True,True
2019-10-28,3.6,29.5,False,True
2019-10-29,1.6,30.6,False,False
2019-10-30,0.4,31.5,False,False
2019-10-31,0.6,32.1,False,False
2019-11-01,12.8,30.7,False,False
2019-11-02,0.3,30.3,True,False
2019-11-03,0.0,29.8,True,False
2019-11-04,0.0,29.8,False,False
2019-11-05,0.1,30.6,False,False
2019-11-06,0.0,29.8,False,False
2019-11-07,3.3,28.8,False,False
2019-11-08,3.6,27.5,False,False
2019-11-09,1.9,28.0,True,False
2019-11-10,0.0,29.0,True,False
2019-11-11,0.0,30.8,False,False
2019-11-12,0.0,31.9,False,False
2019-11-13,0.0,32.0,False,False
2019-11-14,0.0,31.6,False,False
2019-11-15,0.0,30.4,False,False
2019-11-16,0.0,31.6,True,False
2019-11-17,0.0,32.9,True,False
2019-11-18,0.0,31.3,False,False
2019-11-19,0.0,32.9,False,False
2019-11-20,0.0,32.4,False,False
2019-11-21,0.0,33.2,False,False
2019-11-22,0.0,32.5,False,False
2019-11-23,0.0,32.5,True,False
2019-11-24,0.0,32.6,True,False
2019-11-25,0.0,32.1,False,False
2019-11-26,0.0,32.2,False,False
2019-11-27,0.0,32.3,False,False
2019-11-28,0.0,32.4,False,False
2019-11-29,0.0,31.6,False,False
2019-11-30,0.0,32.0,True,False
2019-12-01,0.0,31.7,True,False
2019-12-02,0.0,33.4,False,False
2019-12-03,0.1,32.3,False,False
2019-12-04,0.0,31.6,False,False
2019-12-05,3.4,29.5,False,False
2019-12-06,0.0,32.5,False,False
2019-12-07,0.0,31.6,True,False
2019-12-08,0.0,31.5,True,False
2019-12-09,0.0,32.0,False,False
2019-12-10,0.0,31.6,False,False
2019-12-11,0.0,30.3,False,False
2019-12-12,0.0,29.5,False,False
2019-12-13,0.0,28.8,False,False
2019-12-14,0.0,29.2,True,False
2019-12-15,0.0,28.7,True,False
2019-12-16,0.0,30.0,False,False
2019-12-17,0.0,31.2,False,False
2019-12-18,0.0,31.9,False,False
2019-12-19,0.0,31.3,False,False
2019-12-20,0.0,30.6,False,False
2019-12-21,0.0,30.5,True,False
2019-12-22,0.0,31.7,True,False
2019-12-23,0.0,31.4,False,False
2019-12-24,0.0,30.5,False,False
2019-12-25,0.1,31.3,False,True
2019-12-26,0.8,29.9,False,False
2019-12-27,0.0,29.6,False,False
2019-12-28,0.0,31.2,True,False
2019-12-29,0.1,29.8,True,False
2019-12-30,0.0,27.6,False,False
2019-12-31,0.0,27.3,False,False
2020-01-01,0.0,25.9,False,False
2020-01-02,0.0,26.7,False,False
2020-01-03,0.0,26.5,False,False
2020-01-04,0.0,25.9,True,False
2020-01-05,0.0,29.7,True,False
2020-01-06,0.0,30.6,False,False
2020-01-07,0.0,28.0,False,False
2020-01-08,0.0,27.4,False,False
2020-01-09,0.0,27.6,False,False
2020-01-10,0.0,30.8,False,False
2020-01-11,0.0,32.1,True,False
2020-01-12,0.0,30.1,True,False
2020-01-13,0.4,27.7,False,False
2020-01-14,0.2,26.8,False,False
2020-01-15,0.0,25.3,False,False
2020-01-16,0.0,24.2,False,False
2020-01-17,0.0,24.5,False,False
2020-01-18,0.0,27.8,True,False
2020-01-19,0.0,29.1,True,False
2020-01-20,0.0,30.8,False,False
2020-01-21,0.0,29.2,False,False
2020-01-22,0.0,30.7,False,False
2020-01-23,0.0,31.8,False,False
2020-01-24,0.0,31.8,False,False
2020-01-25,0.0,30.6,True,False
2020-01-26,0.0,30.4,True,True
2020-01-27,0.0,28.0,False,False
2020-01-28,1.0,26.5,False,False
2020-01-29,0.0,24.7,False,False
2020-01-30,0.0,27.5,False,False
2020-01-31,0.0,26.1,False,False
2020-02-01,0.0,28.2,True,False
2020-02-02,0.0,29.3,True,False
2020-02-03,0.0,27.0,False,False
2020-02-04,0.0,28.0,False,False
2020-02-05,0.0,29.3,False,False
2020-02-06,0.0,27.2,False,False
2020-02-07,0.0,26.7,False,False
2020-02-08,0.0,29.4,True,False
2020-02-09,0.0,30.9,True,False
2020-02-10,0.0,31.8,False,False
2020-02-11,0.0,33.2,False,False
2020-02-12,0.0,34.6,False,False
2020-02-13,0.0,34.1,False,False
2020-02-14,0.0,33.1,False,False
2020-02-15,0.0,31.1,True,False
2020-02-16,0.0,31.4,True,False
2020-02-17,0.0,33.7,False,False
2020-02-18,0.0,34.3,False,False
2020-02-19,0.0,31.9,False,False
2020-02-20,0.0,30.8,False,False
2020-02-21,0.0,30.5,False,False
2020-02-22,0.0,32.2,True,False
2020-02-23,0.0,32.9,True,False
2020-02-24,0.0,31.2,False,False
2020-02-25,0.0,34.3,False,False
2020-02-26,0.0,34.6,False,False
2020-02-27,0.0,35.6,False,False
2020-02-28,0.0,32.2,False,False
2020-02-29,0.0,31.4,True,False
2020-03-01,0.0,29.7,True,False
2020-03-02,0.0,29.1,False,False
2020-03-03,0.1,28.5,False,False
2020-03-04,0.0,28.1,False,False
2020-03-05,0.0,28.2,False,False
2020-03-06,0.0,28.4,False,False
2020-03-07,0.0,27.8,True,False
2020-03-08,0.0,28.1,True,False
2020-03-09,0.0,28.5,False,False
2020-03-10,0.0,28.1,False,True
2020-03-11,0.0,28.0,False,False
2020-03-12,0.0,27.2,False,False
2020-03-13,0.0,28.6,False,False
2020-03-14,0.0,31.8,True,False
2020-03-15,0.0,34.0,True,False
2020-03-16,0.0,35.7,False,False
2020-03-17,0.0,34.1,False,False
2020-03-18,0.0,32.9,False,False
2020-03-19,0.0,31.4,False,False
2020-03-20,0.0,29.4,False,False
2020-03-21,0.0,29.3,True,False
2020-03-22,0.0,30.2,True,False
2020-03-23,0.0,32.9,False,False
2020-03-24,0.0,32.5,False,False
2020-03-25,0.0,32.0,False,False
2020-03-26,0.0,31.9,False,False
2020-03-27,0.0,33.2,False,False
2020-03-28,0.0,34.1,True,False
2020-03-29,0.0,34.4,True,False
2020-03-30,0.0,33.1,False,False
2020-03-31,0.0,32.1,False,False
2020-04-01,0.0,32.1,False,False
2020-04-02,0.0,34.5,False,False
2020-04-03,0.0,32.4,False,False
2020-04-04,0.0,32.3,True,False
2020-04-05,0.0,32.3,True,False
2020-04-06,0.0,30.9,False,False
2020-04-07,0.0,30.9,False,False
2020-04-08,0.0,31.1,False,False
2020-04-09,0.0,31.3,False,False
2020-04-10,0.0,31.8,False,False
2020-04-11,0.0,33.4,True,False
2020-04-12,0.0,33.3,True,False
2020-04-13,0.0,33.2,False,False
2020-04-14,0.0,34.4,False,False
2020-04-15,0.0,34.5,False,False
2020-04-16,0.0,32.3,False,False
2020-04-17,0.0,32.1,False,False
2020-04-18,0.0,33.4,True,False
2020-04-19,0.0,34.0,True,False
2020-04-20,0.0,36.7,False,False
2020-04-21,0.0,33.4,False,False
2020-04-22,0.0,32.3,False,False
2020-04-23,0.0,33.0,False,False
2020-04-24,0.0,33.1,False,False
2020-04-25,0.0,32.7,True,False
2020-04-26,0.0,32.3,True,False
2020-04-27,0.1,32.1,False,False
2020-04-28,0.0,33.5,False,False
2020-04-29,0.0,33.4,False,False
2020-04-30,0.0,32.5,False,False
2020-05-01,0.1,32.6,False,False
2020-05-02,0.0,32.8,True,False
2020-05-03,0.0,32.8,True,False
2020-05-04,0.0,32.5,False,False
2020-05-05,0.0,33.0,False,False
2020-05-06,0.0,34.0,False,False
2020-05-07,0.0,32.7,False,False
2020-05-08,0.0,32.8,False,False
2020-05-09,0.0,32.6,True,False
2020-05-10,0.0,33.4,True,False
2020-05-11,0.0,34.1,False,False
2020-05-12,0.0,33.2,False,False
2020-05-13,0.0,33.1,False,False
2020-05-14,0.0,33.3,False,False
2020-05-15,0.0,33.3,False,False
2020-05-16,0.0,32.6,True,False
2020-05-17,0.0,32.9,True,False
2020-05-18,0.0,32.6,False,False
2020-05-19,0.1,32.5,False,False
2020-05-20,0.0,32.6,False,False
2020-05-21,0.0,32.8,False,False
2020-05-22,0.0,32.8,False,False
2020-05-23,0.0,33.2,True,False
2020-05-24,0.0,32.9,True,True
2020-05-25,0.2,32.9,False,False
2020-05-26,0.0,32.9,False,False
2020-05-27,0.2,33.0,False,False
2020-05-28,0.0,32.9,False,False
2020-05-29,0.3,33.6,False,False
2020-05-30,0.4,33.6,True,False
2020-05-31,0.3,34.6,True,False
2020-06-01,6.9,31.2,False,False
2020-06-02,11.6,30.1,False,False
2020-06-03,144.5,28.5,False,False
2020-06-04,10.0,29.1,False,False
2020-06-05,7.9,29.8,False,False
2020-06-06,8.2,29.0,True,False
2020-06-07,5.4,28.9,True,False
2020-06-08,8.0,28.5,False,False
2020-06-09,4.8,29.1,False,False
2020-06-10,9.7,29.9,False,False
2020-06-11,8.1,29.0,False,False
2020-06-12,4.2,28.8,False,False
2020-06-13,12.0,28.5,True,False
2020-06-14,4.6,29.8,True,False
2020-06-15,19.4,29.7,False,False
2020-06-16,27.9,28.4,False,False
2020-06-17,18.9,28.7,False,False
2020-06-18,30.1,28.2,False,False
2020-06-19,5.3,28.9,False,False
2020-06-20,4.9,29.0,True,False
2020-06-21,9.9,28.4,True,False
2020-06-22,5.8,28.7,False,False
2020-06-23,4.9,29.1,False,False
2020-06-24,3.0,29.3,False,False
2020-06-25,10.2,30.0,False,False
2020-06-26,10.5,29.6,False,False
2020-06-27,5.2,29.9,True,False
2020-06-28,14.9,30.2,True,False
2020-06-29,17.9,28.2,False,False
2020-06-30,18.2,28.3,False,False
2020-07-01,12.3,28.6,False,False
2020-07-02,18.1,29.4,False,False
2020-07-03,34.2,29.4,False,False
2020-07-04,169.8,27.4,True,False
2020-07-05,59.5,28.2,True,False
2020-07-06,24.9,28.9,False,False
2020-07-07,41.8,28.1,False,False
2020-07-08,26.4,28.2,False,False
2020-07-09,10.7,28.0,False,False
2020-07-10,12.3,28.4,False,False
2020-07-11,10.9,27.9,True,False
2020-07-12,19.3,28.0,True,False
2020-07-13,34.6,27.9,False,False
2020-07-14,35.7,28.4,False,False
2020-07-15,45.5,27.3,False,False
2020-07-16,45.8,27.5,False,False
2020-07-17,22.7,28.0,False,False
2020-07-18,11.7,28.0,True,False
2020-07-19,6.3,28.8,True,False
2020-07-20,5.5,28.1,False,False
2020-07-21,5.9,28.7,False,False
2020-07-22,2.7,29.2,False,False
2020-07-23,5.2,28.9,False,False
2020-07-24,18.9,27.8,False,False
2020-07-25,7.6,28.3,True,False
2020-07-26,10.8,28.7,True,False
2020-07-27,21.4,28.6,False,False
2020-07-28,7.5,28.4,False,False
2020-07-29,27.4,28.7,False,False
2020-07-30,107.7,28.0,False,False
2020-07-31,9.2,28.8,False,False
2020-08-01,3.1,29.2,True,False
2020-08-02,1.7,29.6,True,False
2020-08-03,37.3,28.0,False,False
2020-08-04,153.3,27.3,False,False
2020-08-05,144.1,26.9,False,False
2020-08-06,55.4,28.2,False,False
2020-08-07,12.5,28.4,False,False
2020-08-08,8.9,28.9,True,False
2020-08-09,5.0,28.5,True,False
2020-08-10,15.0,27.1,False,False
2020-08-11,27.5,26.9,False,False
2020-08-12,27.5,27.6,False,False
2020-08-13,28.5,27.4,False,False
2020-08-14,57.1,26.3,False,False
2020-08-15,48.6,26.8,True,True
2020-08-16,34.6,27.3,True,False
2020-08-17,33.4,26.5,False,False
2020-08-18,17.5,26.7,False,False
2020-08-19,12.1,28.3,False,False
2020-08-20,36.8,27.4,False,False
2020-08-21,42.8,27.2,False,False
2020-08-22,14.1,27.5,True,True
2020-08-23,8.6,27.9,True,False
2020-08-24,8.0,28.7,False,False
2020-08-25,3.6,28.6,False,False
2020-08-26,4.7,28.9,False,False
2020-08-27,9.8,27.4,False,False
2020-08-28,29.7,26.9,False,False
2020-08-29,34.5,26.0,True,False
2020-08-30,21.6,26.5,True,False
2020-08-31,14.4,27.3,False,False
2020-09-01,3.7,27.9,False,False
2020-09-02,2.4,29.1,False,False
2020-09-03,1.2,29.7,False,False
2020-09-04,3.3,30.9,False,False
2020-09-05,0.6,30.3,True,False
2020-09-06,10.1,30.2,True,False
2020-09-07,2.7,28.8,False,False
2020-09-08,12.4,29.3,False,False
2020-09-09,5.1,29.8,False,False
2020-09-10,4.8,29.1,False,False
2020-09-11,27.5,28.7,False,False
2020-09-12,5.4,28.8,True,False
2020-09-13,6.4,28.1,True,False
2020-09-14,7.7,28.2,False,False
2020-09-15,8.7,28.2,False,False
2020-09-16,9.3,28.1,False,False
2020-09-17,10.6,27.9,False,False
2020-09-18,12.4,27.7,False,False
2020-09-19,4.4,29.0,True,False
2020-09-20,4.7,29.0,True,False
2020-09-21,16.3,29.7,False,False
2020-09-22,17.6,28.8,False,False
2020-09-23,150.2,26.7,False,False
2020-09-24,7.8,28.7,False,False
2020-09-25,6.4,28.1,False,False
2020-09-26,2.5,29.2,True,False
2020-09-27,2.5,27.7,True,False
2020-09-28,3.0,28.0,False,False
2020-09-29,0.9,28.6,False,False
2020-09-30,1.2,28.7,False,False
2020-10-01,1.8,29.0,False,False
2020-10-02,1.5,29.6,False,False
2020-10-03,2.8,29.3,True,False
2020-10-04,9.0,27.8,True,False
2020-10-05,2.3,28.4,False,False
2020-10-06,0.7,30.3,False,False
2020-10-07,0.7,30.3,False,False
2020-10-08,0.0,30.9,False,False
2020-10-09,0.9,31.8,False,False
2020-10-10,7.2,30.5,True,False
2020-10-11,3.3,29.4,True,False
2020-10-12,2.9,30.3,False,False
2020-10-13,5.0,30.6,False,False
2020-10-14,6.8,29.6,False,False
2020-10-15,28.4,30.9,False,False
2020-10-16,0.3,30.4,False,False
2020-10-17,1.1,29.9,True,False
2020-10-18,0.4,28.9,True,False
2020-10-19,4.8,29.1,False,False
2020-10-20,4.6,30.0,False,False
2020-10-21,8.7,30.5,False,False
2020-10-22,15.4,29.4,False,False
2020-10-23,1.3,30.1,False,False
2020-10-24,2.8,28.4,True,False
2020-10-25,3.9,29.2,True,False
2020-10-26,0.0,31.0,False,False
2020-10-27,0.0,31.1,False,False
2020-10-28,0.0,31.6,False,False
2020-10-29,0.0,30.2,False,False
2020-10-30,0.0,31.2,False,False
2020-10-31,0.0,30.8,True,False
2020-11-01,0.0,30.7,True,False
2020-11-02,0.0,32.0,False,False
2020-11-03,0.0,33.1,False,False
2020-11-04,0.0,32.7,False,False
2020-11-05,0.0,33.0,False,False
2020-11-06,0.0,32.8,False,False
2020-11-07,0.0,33.1,True,False
2020-11-08,0.0,33.7,True,False
2020-11-09,0.0,32.3,False,False
2020-11-10,0.0,32.4,False,False
2020-11-11,0.0,32.0,False,False
2020-11-12,0.0,31.9,False,False
2020-11-13,0.0,32.5,False,False
2020-11-14,0.0,33.4,True,True
2020-11-15,0.0,32.3,True,True
2020-11-16,0.0,33.1,False,False
2020-11-17,0.0,33.9,False,False
2020-11-18,0.1,30.8,False,False
2020-11-19,0.0,32.2,False,False
2020-11-20,0.0,31.1,False,False
2020-11-21,0.0,31.0,True,False
2020-11-22,0.0,30.9,True,False
2020-11-23,0.0,30.6,False,False
2020-11-24,0.0,31.0,False,False
2020-11-25,0.0,31.0,False,False
2020-11-26,0.0,31.4,False,False
2020-11-27,0.0,33.0,False,False
2020-11-28,0.0,32.3,True,False
2020-11-29,0.0,31.6,True,False
2020-11-30,0.0,32.0,False,False
2020-12-01,0.0,33.1,False,False
2020-12-02,0.0,32.8,False,False
2020-12-03,0.0,32.5,False,False
2020-12-04,0.0,32.4,False,False
2020-12-05,0.0,32.8,True,False
2020-12-06,0.0,32.9,True,False
2020-12-07,0.0,33.4,False,False
2020-12-08,0.0,33.0,False,False
2020-12-09,0.0,32.7,False,False
2020-12-10,0.0,31.0,False,False
2020-12-11,1.0,28.0,False,False
2020-12-12,1.3,30.4,True,False
2020-12-13,0.0,28.9,True,False
2020-12-14,22.5,27.4,False,False
2020-12-15,0.0,29.3,False,False
2020-12-16,0.0,29.3,False,False
2020-12-17,0.0,30.2,False,False
2020-12-18,0.0,30.8,False,False
2020-12-19,0.0,31.9,True,False
2020-12-20,0.0,31.0,True,False
2020-12-21,0.0,31.2,False,False
2020-12-22,0.0,30.9,False,False
2020-12-23,0.0,29.4,False,False
2020-12-24,0.0,31.0,False,False
2020-12-25,0.0,32.5,False,True
2020-12-26,0.0,31.5,True,False
2020-12-27,0.0,30.0,True,False
2020-12-28,0.0,28.3,False,False
2020-12-29,0.0,27.5,False,False
2020-12-30,0.0,28.7,False,False
2020-12-31,0.0,32.0,False,False
2021-01-01,0.0,31.7,False,False
2021-01-02,0.0,28.9,True,False
2021-01-03,0.0,28.3,True,False
2021-01-04,0.0,28.0,False,False
2021-01-05,0.4,28.4,False,False
2021-01-06,0.0,29.1,False,False
2021-01-07,0.2,29.4,False,False
2021-01-08,2.8,28.9,False,False
2021-01-09,0.2,30.3,True,False
2021-01-10,0.0,31.0,True,False
2021-01-11,0.0,31.3,False,False
2021-01-12,0.0,32.7,False,False
2021-01-13,0.0,32.2,False,False
2021-01-14,0.0,30.5,False,False
2021-01-15,0.0,28.3,False,False
2021-01-16,0.0,28.4,True,False
2021-01-17,0.0,28.2,True,False
2021-01-18,0.0,28.8,False,False
2021-01-19,0.0,29.9,False,False
2021-01-20,0.0,30.4,False,False
2021-01-21,0.0,28.8,False,False
2021-01-22,0.0,29.7,False,False
2021-01-23,0.0,30.6,True,False
2021-01-24,0.0,29.4,True,False
2021-01-25,0.0,29.0,False,False
2021-01-26,0.0,28.0,False,True
2021-01-27,0.0,27.1,False,False
2021-01-28,0.0,27.6,False,False
2021-01-29,0.0,28.2,False,False
2021-01-30,0.0,30.0,True,False
2021-01-31,0.0,30.9,True,False
2021-02-01,0.0,32.6,False,False
2021-02-02,0.0,32.9,False,False
2021-02-03,0.0,31.3,False,False
2021-02-04,0.0,30.2,False,False
2021-02-05,0.0,29.9,False,False
2021-02-06,0.0,31.4,True,False
2021-02-07,0.0,32.8,True,False
2021-02-08,0.0,32.7,False,False
2021-02-09,0.0,32.7,False,False
2021-02-10,0.0,30.9,False,False
2021-02-11,0.0,32.2,False,False
2021-02-12,0.0,30.3,False,False
2021-02-13,0.0,30.3,True,False
2021-02-14,0.0,30.2,True,False
2021-02-15,0.0,28.6,False,False
2021-02-16,0.0,27.8,False,False
2021-02-17,0.0,28.8,False,False
2021-02-18,1.0,31.4,False,False
2021-02-19,0.1,32.0,False,False
2021-02-20,0.0,32.4,True,False
2021-02-21,0.0,34.0,True,False
2021-02-22,0.0,33.1,False,False
2021-02-23,0.0,31.7,False,False
2021-02-24,0.0,33.1,False,False
2021-02-25,0.0,33.1,False,False
2021-02-26,0.0,30.3,False,False
2021-02-27,0.0,31.2,True,False
2021-02-28,0.0,34.3,True,False
2021-03-01,0.0,35.1,False,False
2021-03-02,0.0,34.4,False,False
2021-03-03,0.0,36.3,False,False
2021-03-04,0.0,36.4,False,False
2021-03-05,0.0,36.6,False,False
2021-03-06,0.0,31.4,True,False
2021-03-07,0.0,32.9,True,False
2021-03-08,0.0,32.3,False,False
2021-03-09,0.0,34.9,False,False
2021-03-10,0.0,32.7,False,False
2021-03-11,0.0,31.0,False,False
2021-03-12,0.0,32.7,False,False
2021-03-13,0.0,35.7,True,False
2021-03-14,0.0,34.6,True,False
2021-03-15,0.0,34.6,False,False
2021-03-16,0.0,33.8,False,False
2021-03-17,0.0,34.7,False,False
2021-03-18,0.0,32.5,False,False
2021-03-19,0.0,32.2,False,False
2021-03-20,0.0,31.2,True,False
2021-03-21,0.0,32.0,True,False
2021-03-22,0.0,33.8,False,False
2021-03-23,0.0,33.9,False,False
2021-03-24,0.0,35.6,False,False
2021-03-25,0.0,38.3,False,False
2021-03-26,0.0,36.6,False,False
2021-03-27,0.0,38.6,True,False
2021-03-28,0.0,33.7,True,False
2021-03-29,0.0,32.5,False,True
2021-03-30,0.0,31.4,False,False
2021-03-31,0.0,30.9,False,False
2021-04-01,0.0,31.6,False,False
2021-04-02,0.1,31.0,False,False
2021-04-03,0.0,30.4,True,False
2021-04-04,0.0,31.0,True,False
2021-04-05,0.0,31.7,False,False
2021-04-06,0.0,33.9,False,False
2021-04-07,0.0,33.4,False,False
2021-04-08,0.0,31.5,False,False
2021-04-09,0.0,32.0,False,False
2021-04-10,0.0,32.3,True,False
2021-04-11,0.0,34.1,True,False
2021-04-12,0.0,33.4,False,False
2021-04-13,0.0,36.1,False,False
2021-04-14,0.0,35.4,False,False
2021-04-15,0.0,34.0,False,False
2021-04-16,0.0,32.1,False,False
2021-04-17,0.0,32.4,True,False
2021-04-18,0.0,34.3,True,False
2021-04-19,0.0,32.6,False,False
2021-04-20,0.0,32.1,False,False
2021-04-21,0.0,32.0,False,False
2021-04-22,0.0,32.9,False,False
2021-04-23,0.0,33.3,False,False
2021-04-24,0.0,32.2,True,False
2021-04-25,0.0,33.6,True,False
2021-04-26,0.0,33.4,False,False
2021-04-27,0.0,33.7,False,False
2021-04-28,0.0,34.2,False,False
2021-04-29,0.0,34.1,False,False
2021-04-30,0.0,32.4,False,False
2021-05-01,0.0,34.2,True,False
2021-05-02,0.0,33.6,True,False
2021-05-03,0.0,34.3,False,False
2021-05-04,0.0,33.6,False,False
2021-05-05,0.0,33.4,False,False
2021-05-06,0.0,32.8,False,False
2021-05-07,0.0,32.9,False,False
2021-05-08,0.0,33.3,True,False
2021-05-09,0.0,32.9,True,False
2021-05-10,0.0,33.2,False,False
2021-05-11,0.0,32.7,False,False
2021-05-12,0.0,32.5,False,False
2021-05-13,0.0,32.0,False,True
2021-05-14,0.0,33.2,False,False
2021-05-15,0.0,35.3,True,False
2021-05-16,7.0,36.2,True,False
2021-05-17,199.9,27.5,False,False
2021-05-18,22.6,28.6,False,False
2021-05-19,15.2,29.2,False,False
2021-05-20,1.0,30.7,False,False
2021-05-21,0.3,30.7,False,False
2021-05-22,1.2,30.5,True,False
2021-05-23,1.6,30.8,True,False
2021-05-24,1.8,30.9,False,False
2021-05-25,1.7,30.9,False,False
2021-05-26,0.0,31.0,False,False
2021-05-27,4.8,31.5,False,False
2021-05-28,3.6,31.1,False,False
2021-05-29,2.8,30.9,True,False
2021-05-30,3.3,30.7,True,False
2021-05-31,3.5,30.3,False,False
2021-06-01,7.4,30.5,False,False
2021-06-02,11.1,29.8,False,False
2021-06-03,1.3,30.8,False,False
2021-06-04,5.2,31.1,False,False
2021-06-05,7.7,29.2,True,False
2021-06-06,9.7,29.4,True,False
2021-06-07,10.5,29.2,False,False
2021-06-08,25.1,28.4,False,False
2021-06-09,24.0,28.3,False,False
2021-06-10,24.0,28.1,False,False
2021-06-11,19.6,28.3,False,False
2021-06-12,15.7,28.7,True,False
2021-06-13,9.6,28.9,True,False
2021-06-14,5.2,29.0,False,False
2021-06-15,9.2,28.2,False,False
2021-06-16,13.7,27.3,False,False
2021-06-17,18.5,27.3,False,False
2021-06-18,15.9,27.3,False,False
2021-06-19,18.5,26.9,True,False
2021-06-20,10.3,28.9,True,False
2021-06-21,5.6,29.2,False,False
2021-06-22,5.9,28.6,False,False
2021-06-23,5.6,28.2,False,False
2021-06-24,8.7,27.5,False,False
2021-06-25,36.7,26.7,False,False
2021-06-26,3.5,29.4,True,False
2021-06-27,9.3,28.5,True,False
2021-06-28,19.2,27.4,False,False
2021-06-29,3.0,29.2,False,False
2021-06-30,4.8,28.9,False,False
2021-07-01,2.9,29.8,False,False
2021-07-02,1.8,29.9,False,False
2021-07-03,1.8,29.6,True,False
2021-07-04,2.3,29.1,True,False
2021-07-05,1.2,29.1,False,False
2021-07-06,1.0,29.7,False,False
2021-07-07,2.2,29.6,False,False
2021-07-08,8.9,29.1,False,False
2021-07-09,4.1,29.1,False,False
2021-07-10,85.5,26.8,True,False
2021-07-11,13.7,28.8,True,False
2021-07-12,41.0,28.3,False,False
2021-07-13,34.6,28.1,False,False
2021-07-14,34.9,27.3,False,False
2021-07-15,22.4,28.1,False,False
2021-07-16,31.8,28.4,False,False
2021-07-17,40.6,27.6,True,False
2021-07-18,32.9,28.2,True,False
2021-07-19,55.2,27.4,False,False
2021-07-20,29.1,27.5,False,False
2021-07-21,36.7,27.2,False,False
2021-07-22,18.5,27.3,False,False
2021-07-23,28.2,26.8,False,False
2021-07-24,13.1,27.8,True,False
2021-07-25,15.3,28.3,True,False
2021-07-26,12.5,28.5,False,False
2021-07-27,8.4,28.1,False,False
2021-07-28,12.4,28.3,False,False
2021-07-29,11.3,28.8,False,False
2021-07-30,8.4,28.2,False,False
2021-07-31,2.7,28.6,True,False
2021-08-01,3.1,28.2,True,False
2021-08-02,4.7,28.1,False,False
2021-08-03,9.8,27.2,False,False
2021-08-04,5.6,27.4,False,False
2021-08-05,5.9,28.4,False,False
2021-08-06,3.9,28.2,False,False
2021-08-07,4.0,28.1,True,False
2021-08-08,3.0,27.9,True,False
2021-08-09,4.2,28.1,False,False
2021-08-10,4.2,27.8,False,False
2021-08-11,5.5,28.0,False,False
2021-08-12,3.9,28.1,False,False
2021-08-13,3.7,27.9,False,False
2021-08-14,9.1,27.1,True,False
2021-08-15,6.7,27.2,True,True
2021-08-16,3.9,27.6,False,False
2021-08-17,13.7,26.6,False,False
2021-08-18,21.8,26.3,False,False
2021-08-19,33.4,25.7,False,False
2021-08-20,26.8,27.1,False,False
2021-08-21,71.7,25.8,True,False
2021-08-22,3.1,27.4,True,False
2021-08-23,2.3,28.5,False,False
2021-08-24,1.4,28.4,False,False
2021-08-25,1.6,27.9,False,False
2021-08-26,3.4,27.8,False,False
2021-08-27,2.1,28.0,False,False
2021-08-28,0.6,27.8,True,False
2021-08-29,1.4,28.2,True,False
2021-08-30,6.0,27.1,False,False
2021-08-31,49.1,26.7,False,False
2021-09-01,17.2,27.4,False,False
2021-09-02,7.1,27.9,False,False
2021-09-03,13.7,27.2,False,False
2021-09-04,16.6,27.8,True,False
2021-09-05,10.1,27.2,True,False
2021-09-06,7.9,27.9,False,False
2021-09-07,32.0,27.2,False,False
2021-09-08,146.8,27.7,False,False
2021-09-09,6.9,28.4,False,False
2021-09-10,9.9,27.8,False,True
2021-09-11,53.6,27.6,True,False
2021-09-12,45.3,27.6,True,False
2021-09-13,27.4,26.9,False,False
2021-09-14,6.0,28.4,False,False
2021-09-15,6.0,27.7,False,False
2021-09-16,4.4,28.6,False,False
2021-09-17,3.3,28.4,False,False
2021-09-18,3.3,27.3,True,False
2021-09-19,6.4,27.2,True,False
2021-09-20,10.2,27.6,False,False
2021-09-21,17.8,27.2,False,False
2021-09-22,19.7,26.8,False,False
2021-09-23,6.6,27.3,False,False
2021-09-24,2.0,28.6,False,False
2021-09-25,2.2,28.1,True,False
2021-09-26,2.8,28.1,True,False
2021-09-27,5.2,26.7,False,False
2021-09-28,14.3,26.5,False,False
2021-09-29,30.7,27.8,False,False
2021-09-30,4.4,27.8,False,False
2021-10-01,0.2,29.0,False,False
2021-10-02,0.8,28.7,True,False
2021-10-03,0.2,30.4,True,False
2021-10-04,0.0,30.6,False,False
2021-10-05,0.9,30.8,False,False
2021-10-06,7.4,31.3,False,False
2021-10-07,2.4,31.9,False,False
2021-10-08,6.8,29.2,False,False
2021-10-09,5.2,28.5,True,False
2021-10-10,6.2,29.2,True,False
2021-10-11,14.6,29.2,False,False
2021-10-12,0.7,30.1,False,False
2021-10-13,1.6,30.9,False,False
2021-10-14,0.7,31.9,False,False
2021-10-15,0.0,32.9,False,False
2021-10-16,0.0,31.5,True,False
2021-10-17,0.0,30.5,True,False
2021-10-18,1.1,30.1,False,False
2021-10-19,0.5,29.2,False,False
2021-10-20,0.0,29.7,False,False
2021-10-21,0.0,31.2,False,False
2021-10-22,0.0,32.1,False,False
2021-10-23,0.0,31.0,True,False
2021-10-24,0.0,29.5,True,False
2021-10-25,0.0,30.3,False,False
2021-10-26,0.0,32.0,False,False
2021-10-27,0.0,33.1,False,False
2021-10-28,0.0,33.6,False,False
2021-10-29,0.0,33.3,False,False
2021-10-30,0.0,33.1,True,False
2021-10-31,0.0,32.5,True,False
2021-11-01,0.0,32.1,False,False
2021-11-02,0.0,33.2,False,False
2021-11-03,0.0,33.7,False,False
2021-11-04,0.0,32.4,False,True
2021-11-05,1.6,32.3,False,True
2021-11-06,0.1,31.3,True,False
2021-11-07,0.0,29.2,True,False
2021-11-08,0.0,31.7,False,False
2021-11-09,0.0,32.4,False,False
2021-11-10,0.0,32.2,False,False
2021-11-11,0.0,32.6,False,False
2021-11-12,0.0,32.0,False,False
2021-11-13,0.0,32.7,True,False
2021-11-14,0.0,32.5,True,False
2021-11-15,0.0,32.5,False,False
2021-11-16,0.0,33.5,False,False
2021-11-17,2.1,32.2,False,False
2021-11-18,2.2,30.1,False,False
2021-11-19,0.7,31.4,False,False
2021-11-20,1.1,32.5,True,False
2021-11-21,7.9,32.8,True,False
2021-11-22,2.3,28.7,False,False
2021-11-23,0.0,30.5,False,False
2021-11-24,0.0,31.7,False,False
2021-11-25,0.0,32.6,False,False
2021-11-26,0.0,32.5,False,False
2021-11-27,0.0,32.6,True,False
2021-11-28,0.0,32.2,True,False
2021-11-29,0.0,32.5,False,False
2021-11-30,0.0,32.5,False,False
2021-12-01,41.4,24.7,False,False
2021-12-02,56.7,24.8,False,False
2021-12-03,0.8,27.0,False,False
2021-12-04,0.1,27.6,True,False
2021-12-05,0.2,26.7,True,False
2021-12-06,0.0,29.0,False,False
2021-12-07,0.0,30.1,False,False
2021-12-08,0.0,31.0,False,False
2021-12-09,0.0,29.9,False,False
2021-12-10,0.0,31.2,False,False
2021-12-11,0.0,31.0,True,False
2021-12-12,0.0,31.6,True,False
2021-12-13,0.0,29.3,False,False
2021-12-14,0.0,28.5,False,False
2021-12-15,0.0,27.3,False,False
2021-12-16,0.0,28.2,False,False
2021-12-17,0.0,28.0,False,False
2021-12-18,0.0,29.4,True,False
2021-12-19,0.0,29.8,True,False
2021-12-20,0.0,29.9,False,False
2021-12-21,0.0,28.6,False,False
2021-12-22,0.0,28.1,False,False
2021-12-23,0.0,28.0,False,False
2021-12-24,0.0,26.3,False,False
2021-12-25,0.0,26.3,True,True
2021-12-26,0.0,28.2,True,False
2021-12-27,0.0,29.4,False,False
2021-12-28,0.0,28.1,False,False
2021-12-29,0.0,27.6,False,False
2021-12-30,0.0,30.0,False,False
2021-12-31,0.0,31.4,False,False
2022-01-01,0.0,31.3,True,False
2022-01-02,0.0,30.6,True,False
2022-01-03,0.0,30.9,False,False
2022-01-04,0.0,31.3,False,False
2022-01-05,0.0,28.5,False,False
2022-01-06,0.0,27.9,False,False
2022-01-07,0.0,27.4,False,False
2022-01-08,2.3,24.5,True,False
2022-01-09,0.0,25.4,True,False
2022-01-10,0.0,24.3,False,False
2022-01-11,0.0,24.5,False,False
2022-01-12,0.0,25.1,False,False
2022-01-13,0.0,25.9,False,False
2022-01-14,0.0,25.8,False,False
2022-01-15,0.0,28.8,True,False
2022-01-16,0.0,31.4,True,False
2022-01-17,0.0,30.7,False,False
2022-01-18,0.0,29.0,False,False
2022-01-19,0.0,29.2,False,False
2022-01-20,0.0,27.5,False,False
2022-01-21,0.0,27.1,False,False
2022-01-22,1.0,26.7,True,False
2022-01-23,0.4,23.3,True,False
2022-01-24,0.0,24.3,False,False
2022-01-25,0.0,25.4,False,False
2022-01-26,0.0,27.3,False,True
2022-01-27,0.0,29.3,False,False
2022-01-28,0.0,30.6,False,False
2022-01-29,0.0,31.0,True,False
2022-01-30,0.0,29.9,True,False
2022-01-31,0.0,29.3,False,False
2022-02-01,0.0,29.4,False,False
2022-02-02,0.0,27.9,False,False
2022-02-03,0.0,26.3,False,False
2022-02-04,0.0,26.0,False,False
2022-02-05,0.0,27.7,True,False
2022-02-06,0.0,27.5,True,False
2022-02-07,0.0,26.1,False,False
2022-02-08,0.0,25.6,False,False
2022-02-09,0.0,26.4,False,False
2022-02-10,0.0,30.3,False,False
2022-02-11,0.0,32.2,False,False
2022-02-12,0.0,30.8,True,False
2022-02-13,0.0,30.3,True,False
2022-02-14,0.0,29.1,False,False
2022-02-15,0.0,27.3,False,False
2022-02-16,0.0,26.5,False,False
2022-02-17,0.0,26.9,False,False
2022-02-18,0.0,28.2,False,False
2022-02-19,0.0,29.7,True,False
2022-02-20,0.0,31.0,True,False
2022-02-21,0.0,31.3,False,False
2022-02-22,0.0,30.4,False,False
2022-02-23,0.0,29.9,False,False
2022-02-24,0.0,30.3,False,False
2022-02-25,0.0,30.7,False,False
2022-02-26,0.0,30.5,True,False
2022-02-27,0.0,31.1,True,False
2022-02-28,0.0,32.4,False,False
2022-03-01,0.0,32.5,False,False
2022-03-02,0.0,34.5,False,False
2022-03-03,0.0,35.4,False,False
2022-03-04,0.0,34.5,False,False
2022-03-05,0.0,34.3,True,False
2022-03-06,0.0,34.2,True,False
2022-03-07,0.0,32.2,False,False
2022-03-08,0.0,36.0,False,False
2022-03-09,0.1,34.1,False,False
2022-03-10,0.0,33.8,False,False
2022-03-11,0.0,33.3,False,False
2022-03-12,0.0,36.3,True,False
2022-03-13,0.0,36.3,True,False
2022-03-14,0.0,36.0,False,False
2022-03-15,0.0,36.0,False,False
2022-03-16,0.0,35.4,False,False
2022-03-17,0.0,35.5,False,False
2022-03-18,0.0,34.8,False,True
2022-03-19,0.0,32.0,True,False
2022-03-20,0.0,30.2,True,False
2022-03-21,0.0,30.5,False,False
2022-03-22,0.0,34.3,False,False
2022-03-23,0.0,38.0,False,False
2022-03-24,0.0,33.7,False,False
2022-03-25,0.0,32.1,False,False
2022-03-26,0.0,32.4,True,False
2022-03-27,0.0,32.3,True,False
2022-03-28,0.0,32.3,False,False
2022-03-29,0.0,33.5,False,False
2022-03-30,0.0,33.8,False,False
2022-03-31,0.0,31.9,False,False
2022-04-01,0.0,33.0,False,False
2022-04-02,0.0,31.0,True,False
2022-04-03,0.0,31.6,True,False
2022-04-04,0.0,32.1,False,False
2022-04-05,0.0,32.2,False,False
2022-04-06,0.0,32.0,False,False
2022-04-07,0.0,32.6,False,False
2022-04-08,0.0,33.4,False,False
2022-04-09,0.0,32.1,True,False
2022-04-10,0.0,32.6,True,False
2022-04-11,0.0,32.5,False,False
2022-04-12,0.0,33.6,False,False
2022-04-13,0.0,34.9,False,False
2022-04-14,0.0,32.1,False,False
2022-04-15,0.0,32.1,False,False
2022-04-16,0.0,31.6,True,False
2022-04-17,0.0,32.0,True,False
2022-04-18,0.0,31.5,False,False
2022-04-19,0.0,32.2,False,False
2022-04-20,0.0,32.9,False,False
2022-04-21,0.0,38.4,False,False
2022-04-22,0.0,36.4,False,False
2022-04-23,0.0,37.1,True,False
2022-04-24,0.0,33.9,True,False
2022-04-25,0.0,36.5,False,False
2022-04-26,0.0,33.9,False,False
2022-04-27,0.0,35.4,False,False
2022-04-28,0.0,36.2,False,False
2022-04-29,0.0,33.3,False,False
2022-04-30,0.0,33.1,True,False
2022-05-01,0.0,33.0,True,False
2022-05-02,0.0,32.6,False,False
2022-05-03,0.0,32.9,False,True
2022-05-04,0.0,32.7,False,False
2022-05-05,0.0,33.1,False,False
2022-05-06,0.1,32.8,False,False
2022-05-07,0.0,33.1,True,False
2022-05-08,0.0,33.2,True,False
2022-05-09,0.0,32.6,False,False
2022-05-10,0.0,32.7,False,False
2022-05-11,0.0,32.5,False,False
2022-05-12,0.0,32.6,False,False
2022-05-13,0.0,32.1,False,False
2022-05-14,0.0,32.4,True,False
2022-05-15,0.0,32.9,True,False
2022-05-16,0.0,32.7,False,False
2022-05-17,0.0,32.9,False,False
2022-05-18,0.0,32.3,False,False
2022-05-19,0.0,32.2,False,False
2022-05-20,0.1,32.1,False,False
2022-05-21,0.1,32.5,True,False
2022-05-22,1.0,32.5,True,False
2022-05-23,2.7,32.8,False,False
2022-05-24,0.4,32.6,False,False
2022-05-25,0.6,32.4,False,False
2022-05-26,0.0,32.8,False,False
2022-05-27,0.0,33.3,False,False
2022-05-28,0.0,33.0,True,False
2022-05-29,0.1,33.1,True,False
2022-05-30,0.1,32.6,False,False
2022-05-31,0.0,32.9,False,False
2022-06-01,0.0,32.3,False,False
2022-06-02,0.0,32.2,False,False
2022-06-03,0.0,31.8,False,False
2022-06-04,0.0,32.4,True,False
2022-06-05,0.0,32.4,True,False
2022-06-06,0.0,32.1,False,False
2022-06-07,1.0,32.7,False,False
2022-06-08,2.5,31.8,False,False
2022-06-09,7.3,31.1,False,False
2022-06-10,13.8,30.8,False,False
2022-06-11,25.2,29.8,True,False
2022-06-12,15.9,28.4,True,False
2022-06-13,8.0,29.6,False,False
2022-06-14,2.5,30.5,False,False
2022-06-15,6.1,30.1,False,False
2022-06-16,5.1,30.1,False,False
2022-06-17,3.0,29.8,False,False
2022-06-18,6.6,29.8,True,False
2022-06-19,36.7,28.4,True,False
2022-06-20,54.8,26.7,False,False
2022-06-21,23.0,27.9,False,False
2022-06-22,26.9,29.2,False,False
2022-06-23,46.8,28.7,False,False
2022-06-24,17.5,29.9,False,False
2022-06-25,15.6,29.3,True,False
2022-06-26,15.7,28.0,True,False
2022-06-27,31.7,28.3,False,False
2022-06-28,10.0,28.1,False,False
2022-06-29,16.0,28.4,False,False
2022-06-30,41.6,27.8,False,False
2022-07-01,43.4,26.4,False,False
2022-07-02,23.9,27.5,True,False
2022-07-03,20.5,27.3,True,False
2022-07-04,28.2,27.0,False,False
2022-07-05,55.5,26.5,False,False
2022-07-06,35.6,26.7,False,False
2022-07-07,37.2,27.1,False,False
2022-07-08,25.0,28.6,False,False
2022-07-09,37.8,26.9,True,False
2022-07-10,52.5,26.3,True,False
2022-07-11,79.9,25.6,False,False
2022-07-12,65.0,25.9,False,False
2022-07-13,68.3,25.9,False,False
2022-07-14,60.2,26.0,False,False
2022-07-15,25.3,28.1,False,False
2022-07-16,24.8,28.0,True,False
2022-07-17,10.3,28.8,True,False
2022-07-18,30.3,26.2,False,False
2022-07-19,34.3,26.5,False,False
2022-07-20,13.4,27.7,False,False
2022-07-21,6.0,27.9,False,False
2022-07-22,4.8,28.9,False,False
2022-07-23,28.2,26.9,True,False
2022-07-24,25.8,26.4,True,False
2022-07-25,10.2,28.0,False,False
2022-07-26,4.1,27.4,False,False
2022-07-27,6.5,28.3,False,False
2022-07-28,2.5,28.8,False,False
2022-07-29,1.1,29.3,False,False
2022-07-30,0.2,29.2,True,False
2022-07-31,2.0,29.0,True,False
2022-08-01,2.1,29.0,False,False
2022-08-02,2.8,29.2,False,False
2022-08-03,10.3,28.9,False,False
2022-08-04,13.6,28.5,False,False
2022-08-05,27.2,27.1,False,False
2022-08-06,33.7,27.6,True,False
2022-08-07,56.5,27.7,True,False
2022-08-08,32.6,27.2,False,False
2022-08-09,71.3,26.7,False,False
2022-08-10,37.6,27.3,False,False
2022-08-11,23.1,28.0,False,False
2022-08-12,16.1,28.0,False,False
2022-08-13,13.1,28.5,True,False
2022-08-14,11.0,28.2,True,False
2022-08-15,29.0,26.8,False,True
2022-08-16,64.1,26.2,False,False
2022-08-17,19.3,27.4,False,False
2022-08-18,10.5,27.7,False,False
2022-08-19,11.9,27.9,False,False
2022-08-20,6.2,27.9,True,False
2022-08-21,5.8,27.7,True,False
2022-08-22,9.1,27.2,False,False
2022-08-23,7.9,28.0,False,False
2022-08-24,7.8,27.9,False,False
2022-08-25,6.1,27.5,False,False
2022-08-26,2.2,27.9,False,False
2022-08-27,1.8,28.1,True,False
2022-08-28,2.0,28.0,True,False
2022-08-29,1.2,28.7,False,False
2022-08-30,0.6,29.4,False,False
2022-08-31,18.7,29.5,False,True
2022-09-01,1.7,28.9,False,False
2022-09-02,10.0,30.4,False,False
2022-09-03,0.9,29.9,True,False
2022-09-04,9.9,28.6,True,False
2022-09-05,1.8,29.0,False,False
2022-09-06,4.9,29.1,False,False
2022-09-07,20.1,30.1,False,False
2022-09-08,39.7,28.5,False,False
2022-09-09,27.0,29.6,False,False
2022-09-10,13.2,29.5,True,False
2022-09-11,25.5,29.2,True,False
2022-09-12,21.8,28.5,False,False
2022-09-13,51.7,26.7,False,False
2022-09-14,81.9,27.5,False,False
2022-09-15,68.7,27.8,False,False
2022-09-16,96.6,26.1,False,False
2022-09-17,36.6,27.4,True,False
2022-09-18,61.8,26.5,True,False
2022-09-19,2.9,27.8,False,False
2022-09-20,15.0,26.2,False,False
2022-09-21,12.3,27.0,False,False
2022-09-22,18.0,25.7,False,False
2022-09-23,4.0,28.1,False,False
2022-09-24,5.2,27.2,True,False
2022-09-25,4.7,27.4,True,False
2022-09-26,3.0,27.8,False,False
2022-09-27,0.9,28.0,False,False
2022-09-28,2.3,28.0,False,False
2022-09-29,2.0,28.0,False,False
2022-09-30,2.2,29.0,False,False
2022-10-01,10.3,27.9,True,False
2022-10-02,0.7,28.6,True,False
2022-10-03,0.6,28.6,False,False
2022-10-04,0.0,29.4,False,False
2022-10-05,2.4,30.0,False,False
2022-10-06,3.5,29.5,False,False
2022-10-07,27.7,27.0,False,False
2022-10-08,31.9,27.3,True,False
2022-10-09,1.1,28.9,True,False
2022-10-10,0.2,29.8,False,False
2022-10-11,11.1,29.9,False,False
2022-10-12,13.8,28.3,False,False
2022-10-13,2.1,29.7,False,False
2022-10-14,14.5,30.5,False,False
2022-10-15,0.9,31.9,True,False
2022-10-16,0.0,32.0,True,False
2022-10-17,6.4,29.9,False,False
2022-10-18,7.4,27.6,False,False
2022-10-19,4.4,29.5,False,False
2022-10-20,0.7,29.6,False,False
2022-10-21,3.8,30.8,False,False
2022-10-22,1.3,30.4,True,False
2022-10-23,0.0,31.4,True,False
2022-10-24,0.0,30.6,False,True
2022-10-25,0.0,30.0,False,True
2022-10-26,0.0,30.5,False,False
2022-10-27,0.0,30.6,False,False
2022-10-28,0.0,31.1,False,False
2022-10-29,0.0,31.8,True,False
2022-10-30,0.0,31.8,True,False
2022-10-31,0.0,31.8,False,False
2022-11-01,0.0,31.5,False,False
2022-11-02,0.0,31.6,False,False
2022-11-03,0.0,33.3,False,False
2022-11-04,0.0,33.4,False,False
2022-11-05,0.0,33.3,True,False
2022-11-06,0.0,33.0,True,False
2022-11-07,0.0,31.8,False,False
2022-11-08,0.0,32.3,False,False
2022-11-09,0.0,31.7,False,False
2022-11-10,0.0,32.4,False,False
2022-11-11,0.0,33.1,False,False
2022-11-12,0.0,33.0,True,False
2022-11-13,0.0,32.8,True,False
2022-11-14,0.0,32.5,False,False
2022-11-15,0.0,31.5,False,False
2022-11-16,0.0,32.2,False,False
2022-11-17,0.0,32.4,False,False
2022-11-18,0.0,31.7,False,False
2022-11-19,0.0,31.4,True,False
2022-11-20,0.0,30.3,True,False
2022-11-21,0.0,29.8,False,False
2022-11-22,0.0,30.8,False,False
2022-11-23,0.0,31.4,False,False
2022-11-24,0.0,31.3,False,False
2022-11-25,0.0,31.9,False,False
2022-11-26,0.0,32.1,True,False
2022-11-27,0.0,30.6,True,False
2022-11-28,0.0,30.2,False,False
2022-11-29,0.0,29.8,False,False
2022-11-30,0.0,32.1,False,False
2022-12-01,0.0,32.5,False,False
2022-12-02,0.0,32.0,False,False
2022-12-03,0.0,31.1,True,False
2022-12-04,0.0,32.3,True,False
2022-12-05,0.0,31.7,False,False
2022-12-06,0.0,32.2,False,False
2022-12-07,0.0,32.1,False,False
2022-12-08,0.0,31.3,False,False
2022-12-09,0.0,30.3,False,False
2022-12-10,0.0,31.4,True,False
2022-12-11,0.0,30.9,True,False
2022-12-12,0.0,31.9,False,False
2022-12-13,0.0,32.4,False,False
2022-12-14,0.2,32.1,False,False
2022-12-15,0.0,31.7,False,False
2022-12-16,0.0,33.3,False,False
2022-12-17,0.0,33.5,True,False
2022-12-18,0.0,33.3,True,False
2022-12-19,0.0,31.3,False,False
2022-12-20,0.0,30.4,False,False
2022-12-21,0.0,31.0,False,False
2022-12-22,0.0,31.0,False,False
2022-12-23,0.0,29.5,False,False
2022-12-24,0.0,28.8,True,False
2022-12-25,0.0,27.6,True,True
2022-12-26,0.0,28.0,False,False
2022-12-27,0.0,29.7,False,False
2022-12-28,0.0,30.3,False,False
2022-12-29,0.0,30.6,False,False
2022-12-30,0.0,30.6,False,False
2022-12-31,0.0,29.4,True,False
2023-01-01,0.0,27.3,True,False
2023-01-02,0.0,29.2,False,False
2023-01-03,0.0,29.2,False,False
2023-01-04,0.0,28.6,False,False
2023-01-05,0.0,29.8,False,False
2023-01-06,0.0,31.6,False,False
2023-01-07,0.0,32.0,True,False
2023-01-08,0.0,31.4,True,False
2023-01-09,0.0,30.7,False,False
2023-01-10,0.0,31.1,False,False
2023-01-11,0.0,29.4,False,False
2023-01-12,0.0,28.2,False,False
2023-01-13,0.0,26.6,False,False
2023-01-14,0.0,26.0,True,False
2023-01-15,0.0,25.8,True,False
2023-01-16,0.0,25.7,False,False
2023-01-17,0.0,27.0,False,False
2023-01-18,0.0,29.3,False,False
2023-01-19,0.0,28.0,False,False
2023-01-20,0.0,27.5,False,False
2023-01-21,0.0,27.3,True,False
2023-01-22,0.0,26.9,True,False
2023-01-23,0.0,25.7,False,False
2023-01-24,0.0,25.5,False,False
2023-01-25,0.0,26.5,False,False
2023-01-26,0.0,27.3,False,True
2023-01-27,0.0,32.6,False,False
2023-01-28,0.0,30.8,True,False
2023-01-29,1.0,25.9,True,False
2023-01-30,0.0,28.0,False,False
2023-01-31,0.0,30.4,False,False
2023-02-01,0.0,33.5,False,False
2023-02-02,0.0,33.9,False,False
2023-02-03,0.0,32.3,False,False
2023-02-04,0.0,31.7,True,False
2023-02-05,0.0,30.9,True,False
2023-02-06,0.0,29.4,False,False
2023-02-07,0.0,31.3,False,False
2023-02-08,0.0,31.2,False,False
2023-02-09,0.0,33.7,False,False
2023-02-10,0.0,31.5,False,False
2023-02-11,0.0,31.7,True,False
2023-02-12,0.0,32.7,True,False
2023-02-13,0.0,33.8,False,False
2023-02-14,0.0,33.0,False,False
2023-02-15,0.0,33.1,False,False
2023-02-16,0.0,34.9,False,False
2023-02-17,0.0,34.2,False,False
2023-02-18,0.0,34.9,True,False
2023-02-19,0.0,35.6,True,False
2023-02-20,0.0,30.9,False,False
2023-02-21,0.0,32.0,False,False
2023-02-22,0.0,30.0,False,False
2023-02-23,0.0,32.9,False,False
2023-02-24,0.0,34.3,False,False
2023-02-25,0.0,33.9,True,False
2023-02-26,0.0,34.8,True,False
2023-02-27,0.0,34.8,False,False
2023-02-28,0.0,33.2,False,False
2023-03-01,0.0,32.7,False,False
2023-03-02,0.0,35.1,False,False
2023-03-03,0.0,33.7,False,False
2023-03-04,0.0,34.2,True,False
2023-03-05,0.0,36.2,True,False
2023-03-06,0.1,36.3,False,False
2023-03-07,0.0,36.0,False,False
2023-03-08,0.0,35.3,False,True
2023-03-09,0.0,36.6,False,False
2023-03-10,0.0,35.2,False,False
2023-03-11,0.0,36.8,True,False
2023-03-12,0.0,37.7,True,False
2023-03-13,0.0,37.4,False,False
2023-03-14,0.0,36.6,False,False
2023-03-15,0.0,34.7,False,False
2023-03-16,13.3,32.3,False,False
2023-03-17,0.7,30.7,False,False
2023-03-18,0.0,30.8,True,False
2023-03-19,0.0,29.8,True,False
2023-03-20,0.0,29.5,False,False
2023-03-21,0.7,29.0,False,False
2023-03-22,0.0,30.1,False,False
2023-03-23,0.4,30.1,False,False
2023-03-24,0.0,30.2,False,False
2023-03-25,0.0,29.7,True,False
2023-03-26,0.0,29.6,True,False
2023-03-27,0.0,29.8,False,False
2023-03-28,0.0,29.9,False,False
2023-03-29,0.0,29.9,False,False
2023-03-30,0.2,29.5,False,False
2023-03-31,0.4,29.4,False,False
2023-04-01,0.0,30.0,True,False
2023-04-02,0.0,30.1,True,False
2023-04-03,0.0,30.1,False,False
2023-04-04,0.0,30.8,False,False
2023-04-05,0.0,31.0,False,False
2023-04-06,0.0,33.1,False,False
2023-04-07,0.0,34.1,False,False
2023-04-08,0.0,35.1,True,False
2023-04-09,0.0,35.8,True,False
2023-04-10,0.0,35.9,False,False
2023-04-11,0.0,34.9,False,False
2023-04-12,0.0,35.7,False,False
2023-04-13,0.0,35.2,False,False
2023-04-14,0.0,35.2,False,False
2023-04-15,0.0,35.2,True,False
2023-04-16,0.0,34.1,True,False
2023-04-17,0.0,34.1,False,False
2023-04-18,0.0,37.2,False,False
2023-04-19,0.0,36.5,False,False
2023-04-20,0.0,34.9,False,False
2023-04-21,0.0,32.3,False,False
2023-04-22,0.0,31.6,True,True
2023-04-23,0.0,31.6,True,False
2023-04-24,0.0,32.3,False,False
2023-04-25,0.0,32.7,False,False
2023-04-26,0.0,31.4,False,False
2023-04-27,0.0,31.9,False,False
2023-04-28,0.0,31.9,False,False
2023-04-29,0.4,31.6,True,False
2023-04-30,0.5,31.5,True,False
2023-05-01,2.1,31.6,False,False
2023-05-02,0.7,31.5,False,False
2023-05-03,0.0,31.8,False,False
2023-05-04,0.5,31.6,False,False
2023-05-05,0.4,32.3,False,False
2023-05-06,0.1,31.9,True,False
2023-05-07,8.2,30.0,True,False
2023-05-08,0.5,32.3,False,False
2023-05-09,0.0,33.0,False,False
2023-05-10,0.0,34.0,False,False
2023-05-11,0.0,34.5,False,False
2023-05-12,0.0,34.0,False,False
2023-05-13,0.0,33.3,True,False
2023-05-14,0.0,33.2,True,False
2023-05-15,0.5,33.2,False,False
2023-05-16,0.3,33.6,False,False
2023-05-17,0.0,33.4,False,False
2023-05-18,0.1,33.2,False,False
2023-05-19,0.2,33.5,False,False
2023-05-20,0.0,32.6,True,False
2023-05-21,0.0,32.9,True,False
2023-05-22,0.0,33.0,False,False
2023-05-23,0.0,33.5,False,False
2023-05-24,0.0,33.3,False,False
2023-05-25,0.0,33.3,False,False
2023-05-26,2.0,32.7,False,False
2023-05-27,0.0,33.7,True,False
2023-05-28,0.0,33.8,True,False
2023-05-29,0.0,33.6,False,False
2023-05-30,0.0,33.9,False,False
2023-05-31,0.0,34.5,False,False
2023-06-01,0.0,33.5,False,False
2023-06-02,0.0,33.4,False,False
2023-06-03,0.1,34.6,True,False
2023-06-04,0.8,33.6,True,False
2023-06-05,0.4,33.2,False,False
2023-06-06,0.1,33.8,False,False
2023-06-07,0.0,33.5,False,False
2023-06-08,0.8,34.1,False,False
2023-06-09,4.0,33.1,False,False
2023-06-10,3.6,33.2,True,False
2023-06-11,3.8,32.7,True,False
2023-06-12,5.3,32.3,False,False
2023-06-13,5.6,31.1,False,False
2023-06-14,2.8,30.3,False,False
2023-06-15,2.8,31.9,False,False
2023-06-16,4.6,31.3,False,False
2023-06-17,6.6,31.4,True,False
2023-06-18,4.6,31.1,True,False
2023-06-19,2.4,31.4,False,False
2023-06-20,1.1,31.5,False,False
2023-06-21,2.9,31.6,False,False
2023-06-22,1.9,31.6,False,False
2023-06-23,2.9,30.8,False,False
2023-06-24,20.7,29.3,True,False
2023-06-25,32.9,27.5,True,False
2023-06-26,23.2,26.7,False,False
2023-06-27,23.2,27.1,False,False
2023-06-28,45.7,27.8,False,False
2023-06-29,50.0,26.8,False,False
2023-06-30,55.8,26.8,False,False
2023-07-01,40.5,28.2,True,False
2023-07-02,34.7,28.4,True,False
2023-07-03,8.6,28.9,False,False
2023-07-04,48.3,29.2,False,False
2023-07-05,35.9,28.3,False,False
2023-07-06,97.5,27.0,False,False
2023-07-07,50.7,27.8,False,False
2023-07-08,13.0,29.7,True,False
2023-07-09,10.8,29.2,True,False
2023-07-10,3.5,28.7,False,False
2023-07-11,4.3,29.6,False,False
2023-07-12,12.2,27.0,False,False
2023-07-13,10.9,27.3,False,False
2023-07-14,32.7,27.4,False,False
2023-07-15,16.7,27.4,True,False
2023-07-16,30.5,27.9,True,False
2023-07-17,63.8,27.4,False,False
2023-07-18,67.7,26.4,False,False
2023-07-19,44.8,27.3,False,False
2023-07-20,36.4,27.9,False,False
2023-07-21,40.9,27.5,False,False
2023-07-22,42.7,26.4,True,False
2023-07-23,34.8,27.7,True,False
2023-07-24,58.2,28.1,False,False
2023-07-25,44.1,27.2,False,False
2023-07-26,93.9,27.1,False,False
2023-07-27,90.9,27.2,False,False
2023-07-28,49.8,27.1,False,False
2023-07-29,12.3,28.8,True,False
2023-07-30,9.3,28.8,True,False
2023-07-31,9.9,28.5,False,False
2023-08-01,6.1,28.9,False,False
2023-08-02,15.1,28.6,False,False
2023-08-03,6.3,28.8,False,False
2023-08-04,2.5,28.4,False,False
2023-08-05,3.8,29.3,True,False
2023-08-06,2.8,28.8,True,False
2023-08-07,2.2,29.0,False,False
2023-08-08,2.3,29.1,False,False
2023-08-09,3.0,29.1,False,False
2023-08-10,7.3,28.4,False,False
2023-08-11,3.7,29.0,False,False
2023-08-12,5.4,27.2,True,False
2023-08-13,5.0,29.2,True,False
2023-08-14,2.6,29.4,False,False
2023-08-15,3.5,28.2,False,True
2023-08-16,4.5,29.0,False,False
2023-08-17,3.5,29.3,False,False
2023-08-18,2.0,28.9,False,False
2023-08-19,4.1,28.7,True,False
2023-08-20,10.5,27.9,True,False
2023-08-21,3.8,28.7,False,False
2023-08-22,6.1,28.7,False,False
2023-08-23,3.8,29.4,False,False
2023-08-24,6.5,28.8,False,False
2023-08-25,6.2,28.5,False,False
2023-08-26,14.3,27.9,True,False
2023-08-27,15.1,27.8,True,False
2023-08-28,4.1,27.6,False,False
2023-08-29,3.6,28.7,False,False
2023-08-30,0.7,29.3,False,False
2023-08-31,0.7,30.1,False,False
2023-09-01,1.2,30.5,False,False
2023-09-02,2.6,28.7,True,False
2023-09-03,10.0,29.1,True,False
2023-09-04,2.2,29.5,False,False
2023-09-05,2.4,29.2,False,False
2023-09-06,1.0,29.9,False,False
2023-09-07,10.2,28.3,False,False
2023-09-08,50.6,28.1,False,False
2023-09-09,15.9,29.0,True,False
2023-09-10,5.5,29.1,True,False
2023-09-11,4.7,28.8,False,False
2023-09-12,4.7,29.2,False,False
2023-09-13,3.6,28.4,False,False
2023-09-14,2.2,28.8,False,False
2023-09-15,2.1,29.3,False,False
2023-09-16,7.3,28.5,True,False
2023-09-17,8.2,29.2,True,False
2023-09-18,30.9,27.2,False,False
2023-09-19,12.3,28.4,False,True
2023-09-20,11.1,28.2,False,False
2023-09-21,20.7,28.2,False,False
2023-09-22,14.9,28.1,False,False
2023-09-23,35.3,28.6,True,False
2023-09-24,15.3,28.2,True,False
2023-09-25,17.7,28.4,False,False
2023-09-26,4.4,29.1,False,False
2023-09-27,21.0,29.2,False,False
2023-09-28,22.6,30.0,False,False
2023-09-29,25.9,30.6,False,False
2023-09-30,13.2,32.5,True,False
2023-10-01,0.8,30.9,True,False
2023-10-02,3.2,29.2,False,False
2023-10-03,0.1,29.7,False,False
2023-10-04,2.9,29.9,False,False
2023-10-05,0.1,30.5,False,False
2023-10-06,0.7,29.9,False,False
2023-10-07,0.2,30.4,True,False
2023-10-08,0.3,31.5,True,False
2023-10-09,0.0,32.3,False,False
2023-10-10,0.0,31.9,False,False
2023-10-11,0.0,31.2,False,False
2023-10-12,0.0,31.5,False,False
2023-10-13,0.0,33.1,False,False
2023-10-14,0.0,32.6,True,False
2023-10-15,0.7,33.4,True,False
2023-10-16,0.0,33.0,False,False
2023-10-17,1.0,32.2,False,False
2023-10-18,0.0,33.8,False,False
2023-10-19,0.0,33.9,False,False
2023-10-20,0.0,34.4,False,False
2023-10-21,0.1,34.9,True,False
2023-10-22,0.0,33.7,True,False
2023-10-23,0.0,34.8,False,False
2023-10-24,0.0,34.4,False,False
2023-10-25,0.0,33.9,False,False
2023-10-26,0.0,34.1,False,False
2023-10-27,0.0,34.3,False,False
2023-10-28,0.0,34.2,True,False
2023-10-29,0.0,34.7,True,False
2023-10-30,0.0,34.8,False,False
2023-10-31,0.0,34.6,False,False
2023-11-01,0.0,34.1,False,False
2023-11-02,0.0,34.0,False,False
2023-11-03,0.0,34.6,False,False
2023-11-04,0.0,35.3,True,False
2023-11-05,0.0,35.1,True,False
2023-11-06,0.0,35.4,False,False
2023-11-07,0.0,34.2,False,False
2023-11-08,0.0,32.7,False,False
2023-11-09,0.0,33.5,False,False
2023-11-10,1.1,33.0,False,False
2023-11-11,0.0,35.0,True,False
2023-11-12,0.0,35.2,True,True
2023-11-13,0.0,34.4,False,True
2023-11-14,0.0,33.9,False,False
2023-11-15,0.0,33.9,False,False
2023-11-16,0.0,34.0,False,False
2023-11-17,0.0,33.7,False,False
2023-11-18,0.0,33.7,True,False
2023-11-19,0.0,32.3,True,False
2023-11-20,0.0,34.2,False,False
2023-11-21,0.0,34.2,False,False
2023-11-22,0.0,33.6,False,False
2023-11-23,0.0,33.2,False,False
2023-11-24,0.0,34.4,False,False
2023-11-25,0.0,33.6,True,False
2023-11-26,2.4,31.1,True,False
2023-11-27,0.9,30.3,False,False
2023-11-28,0.0,30.0,False,False
2023-11-29,0.0,28.8,False,False
2023-11-30,0.0,29.7,False,False
2023-12-01,0.3,29.7,False,False
2023-12-02,0.0,31.6,True,False
2023-12-03,0.0,33.3,True,False
2023-12-04,0.3,33.2,False,False
2023-12-05,0.0,32.8,False,False
2023-12-06,0.0,31.5,False,False
2023-12-07,0.0,31.3,False,False
2023-12-08,0.0,31.8,False,False
2023-12-09,0.0,32.4,True,False
2023-12-10,0.0,32.8,True,False
2023-12-11,0.0,32.2,False,False
2023-12-12,0.0,31.3,False,False
2023-12-13,0.0,30.9,False,False
2023-12-14,0.0,32.6,False,False
2023-12-15,0.0,31.9,False,False
2023-12-16,0.0,31.7,True,False
2023-12-17,0.0,32.1,True,False
2023-12-18,0.0,32.9,False,False
2023-12-19,0.0,32.6,False,False
2023-12-20,0.0,32.6,False,False
2023-12-21,0.0,33.1,False,False
2023-12-22,0.0,31.6,False,False
2023-12-23,0.0,33.1,True,False
2023-12-24,0.0,32.8,True,False
2023-12-25,0.0,32.8,False,True
2023-12-26,0.0,33.1,False,False
2023-12-27,0.0,33.8,False,False
2023-12-28,0.0,32.4,False,False
2023-12-29,0.0,33.1,False,False
2023-12-30,0.0,32.1,True,False
2023-12-31,0.0,31.9,True,False
2024-01-01,0.0,31.7,False,False
2024-01-02,0.0,31.0,False,False
2024-01-03,0.0,30.1,False,False
2024-01-04,0.0,28.9,False,False
2024-01-05,0.0,29.8,False,False
2024-01-06,0.0,31.8,True,False
2024-01-07,0.0,31.7,True,False
2024-01-08,0.0,32.9,False,False
2024-01-09,0.7,30.7,False,False
2024-01-10,0.7,30.5,False,False
2024-01-11,0.8,32.8,False,False
2024-01-12,0.0,34.2,False,False
2024-01-13,0.0,32.9,True,False
2024-01-14,0.0,32.7,True,False
2024-01-15,0.0,30.1,False,False
2024-01-16,0.0,28.4,False,False
2024-01-17,0.0,27.6,False,False
2024-01-18,0.0,27.9,False,False
2024-01-19,0.0,27.7,False,False
2024-01-20,0.0,28.4,True,False
2024-01-21,0.0,30.2,True,False
2024-01-22,0.0,29.8,False,False
2024-01-23,0.0,29.7,False,False
2024-01-24,0.0,30.6,False,False
2024-01-25,0.0,31.2,False,False
2024-01-26,0.0,32.0,False,True
2024-01-27,0.0,32.7,True,False
2024-01-28,0.0,32.7,True,False
2024-01-29,0.0,32.0,False,False
2024-01-30,0.0,31.4,False,False
2024-01-31,0.0,29.5,False,False
2024-02-01,0.0,28.2,False,False
2024-02-02,0.0,30.1,False,False
2024-02-03,0.0,34.2,True,False
2024-02-04,0.0,33.5,True,False
2024-02-05,0.0,32.2,False,False
2024-02-06,0.0,32.0,False,False
2024-02-07,0.0,32.4,False,False
2024-02-08,0.0,32.2,False,False
2024-02-09,0.0,31.1,False,False
2024-02-10,0.0,30.9,True,False
2024-02-11,0.0,31.0,True,False
2024-02-12,0.0,31.5,False,False
2024-02-13,0.0,31.8,False,False
2024-02-14,0.0,33.0,False,False
2024-02-15,0.0,32.7,False,False
2024-02-16,0.0,34.5,False,False
2024-02-17,0.0,33.5,True,False
2024-02-18,0.0,34.9,True,False
2024-02-19,0.0,32.3,False,False
2024-02-20,0.0,31.5,False,False
2024-02-21,0.1,28.8,False,False
2024-02-22,0.2,28.7,False,False
2024-02-23,0.0,30.2,False,False
2024-02-24,0.0,31.8,True,False
2024-02-25,0.0,34.3,True,False
2024-02-26,0.0,34.8,False,False
2024-02-27,0.0,34.0,False,False
2024-02-28,0.0,35.2,False,False
2024-02-29,0.0,34.4,False,False
2024-03-01,0.0,33.9,False,False
2024-03-02,0.0,30.1,True,False
2024-03-03,0.2,28.0,True,False
2024-03-04,0.0,28.4,False,False
2024-03-05,0.0,30.6,False,False
2024-03-06,0.0,31.1,False,False
2024-03-07,0.0,32.7,False,False
2024-03-08,0.0,35.1,False,False
2024-03-09,0.0,35.0,True,False
2024-03-10,0.0,32.8,True,False
2024-03-11,0.0,34.6,False,False
2024-03-12,0.0,34.9,False,False
2024-03-13,0.0,31.5,False,False
2024-03-14,0.0,31.0,False,False
2024-03-15,0.0,30.0,False,False
2024-03-16,0.0,30.4,True,False
2024-03-17,0.0,31.6,True,False
2024-03-18,0.0,31.5,False,False
2024-03-19,0.0,33.1,False,False
2024-03-20,0.0,38.0,False,False
2024-03-21,0.0,37.8,False,False
2024-03-22,0.0,33.8,False,False
2024-03-23,0.0,33.2,True,False
2024-03-24,0.0,31.8,True,False
2024-03-25,0.0,32.5,False,True
2024-03-26,0.0,34.2,False,False
2024-03-27,0.0,33.1,False,False
2024-03-28,0.0,33.0,False,False
2024-03-29,0.0,34.7,False,False
2024-03-30,0.0,34.2,True,False
2024-03-31,0.0,34.1,True,False
2024-04-01,0.0,33.8,False,False
2024-04-02,0.0,33.2,False,False
2024-04-03,0.0,33.4,False,False
2024-04-04,0.0,32.9,False,False
2024-04-05,0.0,35.4,False,False
2024-04-06,0.0,36.8,True,False
2024-04-07,0.0,36.5,True,False
2024-04-08,0.0,33.4,False,False
2024-04-09,0.0,34.2,False,False
2024-04-10,0.0,33.4,False,False
2024-04-11,0.0,33.5,False,True
2024-04-12,0.0,33.8,False,False
2024-04-13,0.0,31.5,True,False
2024-04-14,0.0,32.6,True,False
2024-04-15,0.0,36.3,False,False
2024-04-16,0.0,41.3,False,False
2024-04-17,0.0,33.8,False,False
2024-04-18,0.0,34.3,False,False
2024-04-19,0.0,35.7,False,False
2024-04-20,0.0,35.7,True,False
2024-04-21,0.0,34.0,True,False
2024-04-22,0.0,34.3,False,False
2024-04-23,0.0,34.4,False,False
2024-04-24,0.0,33.9,False,False
2024-04-25,0.0,34.4,False,False
2024-04-26,0.0,35.2,False,False
2024-04-27,0.0,36.1,True,False
2024-04-28,0.0,39.4,True,False
2024-04-29,0.0,38.2,False,False
2024-04-30,0.0,37.6,False,False
2024-05-01,0.0,34.5,False,False
2024-05-02,0.0,33.4,False,False
2024-05-03,0.0,33.2,False,False
2024-05-04,0.0,33.2,True,False
2024-05-05,0.0,34.7,True,False
2024-05-06,0.0,33.2,False,False
2024-05-07,0.0,33.4,False,False
2024-05-08,0.0,33.0,False,False
2024-05-09,0.0,32.9,False,False
2024-05-10,0.0,33.2,False,False
2024-05-11,0.0,33.6,True,False
2024-05-12,0.0,33.9,True,False
2024-05-13,1.8,34.8,False,False
2024-05-14,0.0,37.6,False,False
2024-05-15,0.0,36.0,False,False
2024-05-16,0.1,38.9,False,False
2024-05-17,0.0,36.3,False,False
2024-05-18,0.0,34.7,True,False
2024-05-19,5.6,34.1,True,False
2024-05-20,0.0,35.1,False,False
2024-05-21,0.1,35.4,False,False
2024-05-22,0.3,34.5,False,False
2024-05-23,0.0,34.2,False,False
2024-05-24,0.2,34.7,False,False
2024-05-25,0.7,33.7,True,False
2024-05-26,0.5,33.4,True,False
2024-05-27,0.5,33.6,False,False
2024-05-28,0.6,33.7,False,False
2024-05-29,0.4,34.0,False,False
2024-05-30,0.2,34.6,False,False
2024-05-31,0.6,34.4,False,False
2024-06-01,0.8,34.1,True,False
2024-06-02,0.3,34.5,True,False
2024-06-03,0.7,34.2,False,False
2024-06-04,4.8,33.5,False,False
2024-06-05,6.7,33.8,False,False
2024-06-06,1.2,34.1,False,False
2024-06-07,1.1,33.6,False,False
2024-06-08,6.3,34.4,True,False
2024-06-09,23.0,31.6,True,False
2024-06-10,33.2,29.8,False,False
2024-06-11,10.8,30.2,False,False
2024-06-12,14.3,30.0,False,False
2024-06-13,13.6,30.0,False,False
2024-06-14,8.6,29.2,False,False
2024-06-15,2.2,29.8,True,False
2024-06-16,1.4,31.0,True,False
2024-06-17,7.4,31.6,False,False
2024-06-18,30.3,29.8,False,False
2024-06-19,23.3,29.2,False,False
2024-06-20,48.6,28.5,False,False
2024-06-21,22.9,31.1,False,False
2024-06-22,5.3,30.2,True,False
2024-06-23,4.2,29.8,True,False
2024-06-24,11.3,29.7,False,False
2024-06-25,6.8,30.6,False,False
2024-06-26,23.0,30.5,False,False
2024-06-27,98.7,28.8,False,False
2024-06-28,45.3,28.2,False,False
2024-06-29,21.3,30.1,True,False
2024-06-30,21.3,29.4,True,False
2024-07-01,16.3,30.6,False,False
2024-07-02,8.1,30.4,False,False
2024-07-03,8.9,30.1,False,False
2024-07-04,8.7,29.0,False,False
2024-07-05,12.2,29.1,False,False
2024-07-06,17.6,29.5,True,False
2024-07-07,11.8,29.2,True,False
2024-07-08,20.7,28.5,False,False
2024-07-09,80.2,27.0,False,False
2024-07-10,36.0,28.8,False,False
2024-07-11,39.1,28.8,False,False
2024-07-12,83.3,26.9,False,False
2024-07-13,76.7,26.6,True,False
2024-07-14,50.5,26.6,True,False
2024-07-15,10.2,28.1,False,False
2024-07-16,17.6,29.1,False,False
2024-07-17,45.3,27.7,False,False
2024-07-18,57.6,28.1,False,False
2024-07-19,48.3,27.3,False,False
2024-07-20,87.0,27.7,True,False
2024-07-21,48.9,27.1,True,False
2024-07-22,54.7,26.9,False,False
2024-07-23,42.1,26.6,False,False
2024-07-24,54.4,27.0,False,False
2024-07-25,74.2,27.4,False,False
2024-07-26,22.9,28.6,False,False
2024-07-27,8.2,28.8,True,False
2024-07-28,19.0,29.3,True,False
2024-07-29,34.2,27.7,False,False
2024-07-30,17.4,28.2,False,False
2024-07-31,22.1,28.7,False,False
2024-08-01,15.8,29.4,False,False
2024-08-02,28.2,28.3,False,False
2024-08-03,24.5,27.5,True,False
2024-08-04,39.4,27.0,True,False
2024-08-05,5.8,28.9,False,False
2024-08-06,5.2,28.7,False,False
2024-08-07,5.6,28.8,False,False
2024-08-08,4.2,28.7,False,False
2024-08-09,15.5,27.8,False,False
2024-08-10,4.7,28.1,True,False
2024-08-11,2.4,29.2,True,False
2024-08-12,2.9,28.9,False,False
2024-08-13,3.6,28.8,False,False
2024-08-14,1.9,29.1,False,False
2024-08-15,1.2,29.4,False,True
2024-08-16,0.9,29.6,False,False
2024-08-17,0.5,29.6,True,False
2024-08-18,2.9,29.9,True,False
2024-08-19,16.7,29.1,False,False
2024-08-20,28.8,28.6,False,False
2024-08-21,0.2,30.3,False,False
2024-08-22,4.7,30.0,False,False
2024-08-23,16.0,28.5,False,False
2024-08-24,61.7,26.5,True,False
2024-08-25,28.0,27.6,True,False
2024-08-26,22.6,27.0,False,False
2024-08-27,17.9,27.6,False,False
2024-08-28,14.4,28.9,False,False
2024-08-29,5.1,29.0,False,False
2024-08-30,6.5,29.0,False,False
2024-08-31,2.1,28.9,True,False
2024-09-01,2.3,27.8,True,False
2024-09-02,29.6,27.3,False,False
2024-09-03,13.0,27.3,False,False
2024-09-04,17.1,28.3,False,False
2024-09-05,27.9,28.3,False,False
2024-09-06,14.7,28.4,False,False
2024-09-07,10.0,28.3,True,True
2024-09-08,4.2,28.7,True,False
2024-09-09,2.0,28.8,False,False
2024-09-10,3.9,28.5,False,False
2024-09-11,4.6,28.2,False,False
2024-09-12,8.2,28.4,False,False
2024-09-13,4.5,28.6,False,False
2024-09-14,9.1,27.9,True,False
2024-09-15,3.9,27.4,True,False
2024-09-16,2.4,28.7,False,False
2024-09-17,0.2,28.9,False,False
2024-09-18,0.8,29.2,False,False
2024-09-19,1.0,29.5,False,False
2024-09-20,5.2,28.4,False,False
2024-09-21,1.9,29.7,True,False
2024-09-22,2.2,29.7,True,False
2024-09-23,5.7,28.9,False,False
2024-09-24,23.1,29.0,False,False
2024-09-25,36.4,28.0,False,False
2024-09-26,48.0,26.6,False,False
2024-09-27,61.7,26.8,False,False
2024-09-28,5.8,28.1,True,False
2024-09-29,4.6,28.7,True,False
2024-09-30,1.6,29.7,False,False
2024-10-01,0.6,31.5,False,False
2024-10-02,1.3,30.7,False,False
2024-10-03,1.4,30.1,False,False
2024-10-04,1.4,29.5,False,False
2024-10-05,1.1,29.5,True,False
2024-10-06,21.4,31.3,True,False
2024-10-07,0.6,31.6,False,False
2024-10-08,0.0,32.2,False,False
2024-10-09,6.4,29.1,False,False
2024-10-10,6.4,29.7,False,False
2024-10-11,22.0,31.5,False,False
2024-10-12,0.7,31.4,True,False
2024-10-13,2.0,30.6,True,False
2024-10-14,5.2,31.6,False,False
2024-10-15,0.0,29.6,False,False
2024-10-16,8.6,30.7,False,False
2024-10-17,2.9,29.0,False,False
2024-10-18,12.4,31.9,False,False
2024-10-19,7.9,30.1,True,False
2024-10-20,6.8,29.8,True,False
2024-10-21,13.3,30.4,False,False
2024-10-22,7.3,30.3,False,False
2024-10-23,0.0,31.4,False,False
2024-10-24,0.0,32.5,False,False
2024-10-25,0.0,31.1,False,False
2024-10-26,0.0,32.5,True,False
2024-10-27,0.0,31.6,True,False
2024-10-28,0.0,31.8,False,False
2024-10-29,0.0,31.2,False,False
2024-10-30,0.0,32.7,False,False
2024-10-31,0.0,32.4,False,False
2024-11-01,0.3,31.3,False,True
2024-11-02,0.0,33.1,True,True
2024-11-03,0.0,34.2,True,False
2024-11-04,0.0,34.1,False,False
2024-11-05,0.0,34.3,False,False
2024-11-06,0.0,33.7,False,False
2024-11-07,0.0,33.5,False,False
2024-11-08,0.0,33.8,False,False
2024-11-09,0.0,34.1,True,False
2024-11-10,0.0,33.7,True,False
2024-11-11,0.0,33.3,False,False
2024-11-12,0.0,33.5,False,False
2024-11-13,0.0,34.8,False,False
2024-11-14,0.0,35.4,False,False
2024-11-15,0.3,33.9,False,False
2024-11-16,0.0,34.4,True,False
2024-11-17,0.0,35.8,True,False
2024-11-18,0.0,34.8,False,False
2024-11-19,0.0,33.9,False,False
2024-11-20,0.0,33.1,False,False
2024-11-21,0.0,33.1,False,False
2024-11-22,0.0,32.7,False,False
2024-11-23,0.0,32.0,True,False
2024-11-24,0.0,33.0,True,False
2024-11-25,0.0,32.9,False,False
2024-11-26,0.0,32.3,False,False
2024-11-27,0.0,32.6,False,False
2024-11-28,0.0,32.1,False,False
2024-11-29,0.0,31.4,False,False
2024-11-30,0.0,31.4,True,False
2024-12-01,0.0,32.6,True,False
2024-12-02,0.0,33.8,False,False
2024-12-03,0.2,33.6,False,False
2024-12-04,0.2,34.2,False,False
2024-12-05,0.0,34.3,False,False
2024-12-06,0.0,32.7,False,False
2024-12-07,0.0,32.8,True,False
2024-12-08,0.0,31.1,True,False
2024-12-09,0.0,30.9,False,False
2024-12-10,0.0,31.4,False,False
2024-12-11,0.0,33.6,False,False
2024-12-12,0.0,31.1,False,False
2024-12-13,0.0,32.3,False,False
2024-12-14,0.0,32.9,True,False
2024-12-15,0.0,33.2,True,False
2024-12-16,0.0,32.4,False,False
2024-12-17,0.0,30.8,False,False
2024-12-18,0.0,32.2,False,False
2024-12-19,0.0,29.7,False,False
2024-12-20,0.0,28.2,False,False
2024-12-21,0.0,27.9,True,False
2024-12-22,0.0,27.8,True,False
2024-12-23,0.0,27.3,False,False
2024-12-24,0.0,28.5,False,False
2024-12-25,0.0,28.7,False,True
2024-12-26,0.0,29.6,False,False
2024-12-27,0.0,28.2,False,False
2024-12-28,0.3,29.9,True,False
2024-12-29,0.0,30.4,True,False
2024-12-30,0.0,32.6,False,False
2024-12-31,0.0,33.2,False,False
2025-01-01,0.0,32.4,False,False
2025-01-02,0.0,32.8,False,False
2025-01-03,0.0,33.4,False,False
2025-01-04,0.0,32.9,True,False
2025-01-05,0.0,29.2,True,False
2025-01-06,0.0,29.9,False,False
2025-01-07,0.0,31.4,False,False
2025-01-08,0.0,30.6,False,False
2025-01-09,0.0,32.0,False,False
2025-01-10,0.0,31.3,False,False
2025-01-11,0.0,28.6,True,False
2025-01-12,0.0,30.0,True,False
2025-01-13,0.0,32.7,False,False
2025-01-14,0.0,32.9,False,False
2025-01-15,0.0,30.2,False,False
2025-01-16,0.0,29.7,False,False
2025-01-17,0.0,33.4,False,False
2025-01-18,0.0,34.0,True,False
2025-01-19,0.0,33.2,True,False
2025-01-20,0.0,33.2,False,False
2025-01-21,0.0,31.4,False,False
2025-01-22,0.0,31.4,False,False
2025-01-23,0.0,30.5,False,False
2025-01-24,0.0,31.7,False,False
2025-01-25,0.0,33.2,True,False
2025-01-26,0.0,33.5,True,True
2025-01-27,0.0,32.5,False,False
2025-01-28,0.0,30.5,False,False
2025-01-29,0.0,30.8,False,False
2025-01-30,0.0,31.4,False,False
2025-01-31,0.0,29.6,False,False
2025-02-01,0.0,29.1,True,False
2025-02-02,0.0,30.9,True,False
2025-02-03,0.0,28.9,False,False
2025-02-04,0.0,29.7,False,False
2025-02-05,0.0,31.6,False,False
2025-02-06,0.0,31.8,False,False
2025-02-07,0.0,34.3,False,False
2025-02-08,0.0,33.3,True,False
2025-02-09,0.0,33.1,True,False
2025-02-10,0.0,33.6,False,False
2025-02-11,0.0,32.4,False,False
2025-02-12,0.0,33.3,False,False
2025-02-13,0.0,34.8,False,False
2025-02-14,0.0,34.7,False,False
2025-02-15,0.0,35.2,True,False
2025-02-16,0.0,35.1,True,False
2025-02-17,0.0,34.3,False,False
2025-02-18,0.0,34.8,False,False
2025-02-19,0.0,33.4,False,False
2025-02-20,0.0,34.7,False,False
2025-02-21,0.0,36.7,False,False
2025-02-22,0.0,34.9,True,False
2025-02-23,0.0,35.7,True,False
2025-02-24,0.0,36.9,False,False
2025-02-25,0.0,37.5,False,False
2025-02-26,0.0,37.2,False,False
2025-02-27,0.0,35.8,False,False
2025-02-28,0.0,33.4,False,False
2025-03-01,0.0,33.7,True,False
2025-03-02,0.0,36.2,True,False
2025-03-03,0.0,36.2,False,False
2025-03-04,0.0,35.8,False,False
2025-03-05,0.0,36.8,False,False
2025-03-06,0.0,35.0,False,False
2025-03-07,0.0,36.9,False,False
2025-03-08,0.0,36.0,True,False
2025-03-09,0.0,35.6,True,False
2025-03-10,0.0,39.0,False,False
2025-03-11,0.0,37.4,False,False
2025-03-12,0.0,37.1,False,False
2025-03-13,0.0,34.2,False,False
2025-03-14,0.0,34.7,False,True
2025-03-15,0.0,35.5,True,False
2025-03-16,0.0,33.2,True,False
2025-03-17,0.0,33.5,False,False
2025-03-18,0.0,33.2,False,False
2025-03-19,0.0,32.3,False,False
2025-03-20,0.0,35.1,False,False
2025-03-21,0.0,32.4,False,False
2025-03-22,0.0,32.7,True,False
2025-03-23,0.0,33.8,True,False
2025-03-24,0.0,32.9,False,False
2025-03-25,0.0,33.2,False,False
2025-03-26,0.0,31.6,False,False
2025-03-27,0.0,30.8,False,False
2025-03-28,0.0,32.5,False,False
2025-03-29,0.0,36.2,True,False
2025-03-30,0.0,37.7,True,False
2025-03-31,0.0,37.1,False,True
2025-04-01,0.0,38.9,False,False
2025-04-02,0.0,37.4,False,False
2025-04-03,0.6,32.5,False,False
2025-04-04,1.0,33.3,False,False
2025-04-05,0.0,35.4,True,False
2025-04-06,0.0,35.7,True,False
2025-04-07,0.0,36.4,False,False
2025-04-08,0.0,36.6,False,False
2025-04-09,0.0,34.6,False,False
2025-04-10,0.0,33.2,False,False
2025-04-11,0.0,33.0,False,False
2025-04-12,0.1,32.3,True,False
2025-04-13,0.0,32.7,True,False
2025-04-14,0.0,36.4,False,False
2025-04-15,0.0,35.1,False,False
2025-04-16,0.0,33.0,False,False
2025-04-17,0.0,32.4,False,False
2025-04-18,0.0,32.3,False,False
2025-04-19,0.0,32.7,True,False
2025-04-20,0.0,33.0,True,False
2025-04-21,0.0,32.7,False,False
2025-04-22,0.0,34.3,False,False
2025-04-23,0.0,34.8,False,False
2025-04-24,0.0,33.4,False,False
2025-04-25,0.0,33.7,False,False
2025-04-26,0.0,33.3,True,False
2025-04-27,0.0,33.4,True,False
2025-04-28,0.0,32.8,False,False
2025-04-29,0.0,32.8,False,False
2025-04-30,0.0,33.1,False,False
2025-05-01,0.0,33.4,False,False
2025-05-02,0.0,34.5,False,False
2025-05-03,0.0,33.2,True,False
2025-05-04,0.0,32.9,True,False
2025-05-05,0.0,33.5,False,False
2025-05-06,6.3,32.9,False,False
2025-05-07,3.0,32.3,False,False
2025-05-08,9.3,29.4,False,False
2025-05-09,2.0,28.5,False,False
2025-05-10,0.5,30.9,True,False
2025-05-11,0.4,32.5,True,False
2025-05-12,1.6,33.6,False,False
2025-05-13,1.7,33.8,False,False
2025-05-14,0.6,33.3,False,False
2025-05-15,1.8,33.2,False,False
2025-05-16,1.0,33.8,False,False
2025-05-17,0.9,32.5,True,False
2025-05-18,0.0,34.4,True,False
2025-05-19,0.2,32.4,False,False
2025-05-20,8.7,34.4,False,False
2025-05-21,1.1,31.6,False,False
2025-05-22,21.2,31.8,False,False
2025-05-23,2.2,32.5,False,False
2025-05-24,8.9,32.1,True,False
2025-05-25,27.3,28.5,True,False
2025-05-26,54.0,27.8,False,False
2025-05-27,9.1,29.8,False,False
2025-05-28,11.5,27.8,False,False
2025-05-29,5.6,31.4,False,False
2025-05-30,1.8,31.5,False,False
2025-05-31,3.5,31.1,True,False
2025-06-01,11.1,29.2,True,False
2025-06-02,8.8,30.7,False,False
2025-06-03,12.8,30.2,False,False
2025-06-04,4.5,29.3,False,False
2025-06-05,1.6,30.2,False,False
2025-06-06,4.7,30.2,False,False
2025-06-07,8.1,29.7,True,False
2025-06-08,4.4,30.3,True,False
2025-06-09,2.0,30.8,False,False
2025-06-10,0.8,30.6,False,False
2025-06-11,0.8,31.8,False,False
2025-06-12,2.8,31.6,False,False
2025-06-13,29.6,30.5,False,False
2025-06-14,58.0,30.6,True,False
2025-06-15,55.5,29.6,True,False
2025-06-16,100.9,27.2,False,False
2025-06-17,17.5,29.5,False,False
2025-06-18,86.1,28.4,False,False
2025-06-19,65.8,28.4,False,False
2025-06-20,11.3,29.5,False,False
2025-06-21,10.0,30.1,True,False
2025-06-22,15.8,29.2,True,False
2025-06-23,51.2,28.3,False,False
2025-06-24,26.7,29.1,False,False
2025-06-25,10.0,30.0,False,False
2025-06-26,25.0,28.6,False,False
2025-06-27,13.9,28.8,False,False
2025-06-28,21.5,29.4,True,False
2025-06-29,18.1,28.9,True,False
2025-06-30,22.2,29.1,False,False
2025-07-01,34.3,28.8,False,False
2025-07-02,40.8,28.7,False,False
2025-07-03,26.3,28.3,False,False
2025-07-04,20.2,28.0,False,False
2025-07-05,37.9,27.5,True,False
2025-07-06,31.3,27.6,True,False
2025-07-07,7.6,28.6,False,False
2025-07-08,3.7,28.6,False,False
2025-07-09,15.4,27.5,False,False
2025-07-10,6.5,29.1,False,False
2025-07-11,6.1,28.0,False,False
2025-07-12,4.9,29.3,True,False
2025-07-13,14.7,28.5,True,False
2025-07-14,51.0,27.5,False,False
2025-07-15,15.8,27.6,False,False
2025-07-16,7.9,29.2,False,False
2025-07-17,4.1,29.3,False,False
2025-07-18,2.7,29.5,False,False
2025-07-19,6.3,28.3,True,False
2025-07-20,12.3,28.0,True,False
2025-07-21,17.7,28.1,False,False
2025-07-22,18.4,28.1,False,False
2025-07-23,18.6,28.0,False,False
2025-07-24,14.9,27.4,False,False
2025-07-25,40.3,27.2,False,False
2025-07-26,17.4,28.0,True,False
2025-07-27,10.5,28.2,True,False
2025-07-28,8.8,28.3,False,False
2025-07-29,8.6,27.6,False,False
2025-07-30,7.8,27.2,False,False
2025-07-31,3.9,27.6,False,False
2025-08-01,4.1,28.4,False,False
2025-08-02,8.7,28.3,True,False
2025-08-03,4.0,28.2,True,False
2025-08-04,3.5,28.7,False,False
2025-08-05,4.3,28.9,False,False
2025-08-06,1.2,29.3,False,False
2025-08-07,3.2,27.9,False,False
2025-08-08,2.9,28.1,False,False
2025-08-09,1.6,28.5,True,False
2025-08-10,3.2,28.1,True,False
2025-08-11,4.3,28.2,False,False
2025-08-12,5.0,28.6,False,False
2025-08-13,15.4,28.3,False,False
2025-08-14,38.9,27.2,False,False
2025-08-15,35.8,27.2,False,True
2025-08-16,34.2,26.5,True,False
2025-08-17,16.3,28.1,True,False
2025-08-18,127.0,26.0,False,False
2025-08-19,136.5,26.2,False,False
2025-08-20,61.5,26.5,False,False
2025-08-21,26.0,28.0,False,False
2025-08-22,4.5,28.2,False,False
2025-08-23,10.4,28.3,True,False
2025-08-24,6.7,28.5,True,False
2025-08-25,23.2,26.8,False,False
2025-08-26,14.9,27.8,False,False
2025-08-27,7.6,28.4,False,True
2025-08-28,16.3,28.3,False,False
2025-08-29,7.5,28.0,False,False
2025-08-30,2.8,28.4,True,False
2025-08-31,10.0,27.7,True,False
2025-09-01,6.7,27.8,False,False
2025-09-02,5.7,28.3,False,False
2025-09-03,4.8,28.7,False,False
2025-09-04,17.2,26.2,False,False
2025-09-05,18.2,27.4,False,False
2025-09-06,24.9,26.5,True,False
2025-09-07,9.2,28.1,True,False
2025-09-08,5.5,27.8,False,False
2025-09-09,0.7,28.9,False,False
2025-09-10,0.3,29.5,False,False
2025-09-11,1.5,28.9,False,False
2025-09-12,1.2,29.3,False,False
2025-09-13,12.7,28.6,True,False
2025-09-14,12.2,29.1,True,False
2025-09-15,65.5,27.1,False,False
2025-09-16,5.2,27.8,False,False
2025-09-17,25.7,28.2,False,False
2025-09-18,10.4,27.8,False,False
2025-09-19,8.2,28.2,False,False
2025-09-20,12.3,29.0,True,False
2025-09-21,15.7,28.6,True,False
2025-09-22,17.0,28.3,False,False
2025-09-23,10.7,28.7,False,False
2025-09-24,2.5,28.6,False,False
2025-09-25,3.1,28.1,False,False
2025-09-26,3.0,29.1,False,False
2025-09-27,14.1,28.3,True,False
2025-09-28,125.7,26.5,True,False
2025-09-29,15.8,28.3,False,False
2025-09-30,11.2,27.6,False,False
2025-10-01,12.0,28.5,False,False
2025-10-02,4.1,27.9,False,False
2025-10-03,2.4,28.7,False,False
2025-10-04,3.1,28.8,True,False
2025-10-05,0.7,28.1,True,False
2025-10-06,1.1,28.4,False,False
2025-10-07,2.1,28.9,False,False
2025-10-08,0.3,29.4,False,False
2025-10-09,0.0,31.6,False,False
2025-10-10,0.1,33.0,False,False
2025-10-11,0.1,33.8,True,False
2025-10-12,0.1,34.8,True,False
2025-10-13,0.0,34.5,False,False
2025-10-14,0.0,35.2,False,False
2025-10-15,1.5,34.9,False,False
2025-10-16,6.2,35.0,False,False
2025-10-17,0.1,36.1,False,False
2025-10-18,1.1,35.7,True,False
2025-10-19,0.5,35.2,True,False
2025-10-20,0.2,35.1,False,True
2025-10-21,5.9,34.4,False,True
2025-10-22,4.8,33.9,False,False
2025-10-23,6.1,34.6,False,False
2025-10-24,8.7,33.0,False,False
2025-10-25,13.8,30.2,True,False
2025-10-26,34.3,26.8,True,False
2025-10-27,13.3,30.4,False,False
2025-10-28,0.4,31.7,False,False
2025-10-29,0.1,30.9,False,False
2025-10-30,11.5,28.7,False,False
2025-10-31,8.6,29.2,False,False
2025-11-01,3.1,28.4,True,False
2025-11-02,4.2,27.6,True,False
2025-11-03,2.5,28.7,False,False
2025-11-04,1.6,28.1,False,False
2025-11-05,0.1,28.6,False,False
2025-11-06,0.6,29.1,False,False
2025-11-07,0.0,31.4,False,False
2025-11-08,0.0,33.4,True,False
2025-11-09,0.0,31.4,True,False
2025-11-10,0.0,32.2,False,False
2025-11-11,0.0,32.1,False,False
2025-11-12,0.0,32.8,False,False
2025-11-13,0.0,33.4,False,False
2025-11-14,0.0,33.1,False,False
2025-11-15,0.0,33.2,True,False
2025-11-16,0.0,33.1,True,False
2025-11-17,0.0,32.4,False,False
2025-11-18,0.0,32.3,False,False
2025-11-19,0.0,32.8,False,False
2025-11-20,0.0,32.9,False,False
2025-11-21,0.0,33.8,False,False
2025-11-22,0.0,33.3,True,False
2025-11-23,0.0,32.7,True,False
2025-11-24,0.0,32.9,False,False
2025-11-25,0.0,33.0,False,False
2025-11-26,0.0,32.6,False,False
2025-11-27,0.0,33.7,False,False
2025-11-28,0.0,33.3,False,False
2025-11-29,0.0,32.9,True,False
2025-11-30,0.0,32.0,True,False
2025-12-01,0.0,32.5,False,False
2025-12-02,0.0,32.3,False,False
2025-12-03,0.0,33.3,False,False
2025-12-04,0.0,33.7,False,False
2025-12-05,0.0,34.1,False,False
2025-12-06,0.0,33.0,True,False
2025-12-07,0.0,33.6,True,False
2025-12-08,0.0,33.7,False,False
2025-12-09,0.0,33.1,False,False
2025-12-10,0.0,33.3,False,False
2025-12-11,0.0,33.0,False,False
2025-12-12,0.0,32.4,False,False
2025-12-13,0.0,33.0,True,False
2025-12-14,0.0,32.4,True,False
2025-12-15,0.0,32.6,False,False
2025-12-16,0.0,32.9,False,False
2025-12-17,0.0,33.1,False,False
2025-12-18,0.0,33.1,False,False
2025-12-19,0.0,33.2,False,False
2025-12-20,0.0,33.1,True,False
2025-12-21,0.0,32.4,True,False
2025-12-22,0.0,31.7,False,False
2025-12-23,0.0,32.4,False,False
2025-12-24,0.0,32.2,False,False
2025-12-25,0.0,31.6,False,True
2025-12-26,0.0,31.3,False,False
2025-12-27,0.0,32.0,True,False
2025-12-28,0.0,31.5,True,False
2025-12-29,0.0,31.2,False,False
2025-12-30,0.0,29.4,False,False
2025-12-31,0.0,28.8,False,False
